partnerCode,prev_year,year,year_pair,ctry_hs_js_similarity,ctry_hs_js_distance,ctry_common_hs_count,ctry_new_hs_count,ctry_lost_hs_count,ctry_filtered_hs_count
0,2018,2019,2018-2019,0.8160095255165897,0.18399047448341033,50,2,3,55
0,2019,2020,2019-2020,0.7371484909054833,0.2628515090945167,49,4,3,56
0,2020,2021,2020-2021,0.7629112913137568,0.2370887086862432,50,3,2,55
0,2021,2022,2021-2022,0.9400696002753348,0.059930399724665184,52,1,3,56
0,2022,2023,2022-2023,0.9048508970240019,0.0951491029759981,55,3,0,58
0,2023,2024,2023-2024,0.9103466963593593,0.08965330364064072,51,1,3,55
4,2018,2019,2018-2019,0.4924279011775654,0.5075720988224346,9,2,2,13
4,2019,2020,2019-2020,0.8018173784369023,0.19818262156309774,10,1,0,11
4,2020,2021,2020-2021,0.7930192679918299,0.20698073200817013,8,1,4,13
4,2021,2022,2021-2022,0.577870738773546,0.422129261226454,6,2,2,10
4,2022,2023,2022-2023,0.7476166988838295,0.25238330111617047,6,4,1,11
4,2023,2024,2023-2024,0.837517208747065,0.16248279125293497,5,1,5,11
8,2018,2019,2018-2019,0.5926302369681533,0.4073697630318467,16,3,4,23
8,2019,2020,2019-2020,0.43933925089828707,0.5606607491017129,15,2,4,21
8,2020,2021,2020-2021,0.7306616917498737,0.2693383082501263,18,1,1,20
8,2021,2022,2021-2022,0.8931686114040636,0.10683138859593644,19,1,1,21
8,2022,2023,2022-2023,0.8495053413907537,0.15049465860924627,20,2,1,23
8,2023,2024,2023-2024,0.8848538750202845,0.11514612497971555,21,0,1,22
10,2020,2022,2020-2022,0.01121668216913041,0.9887833178308696,2,9,5,16
10,2022,2023,2022-2023,0.2339717160813929,0.7660282839186071,8,8,3,19
10,2023,2024,2023-2024,0.8447383539432622,0.15526164605673776,15,3,1,19
12,2018,2019,2018-2019,0.8579617822649697,0.14203821773503034,24,2,2,28
12,2019,2020,2019-2020,0.7697960445394525,0.2302039554605475,26,3,0,29
12,2020,2021,2020-2021,0.6867142778377888,0.3132857221622112,26,0,3,29
12,2021,2022,2021-2022,0.6795041385209412,0.32049586147905884,25,3,1,29
12,2022,2023,2022-2023,0.7774057951259098,0.2225942048740902,27,1,2,30
12,2023,2024,2023-2024,0.7052282166850601,0.2947717833149399,23,3,5,31
16,2018,2019,2018-2019,0.8274834543455314,0.1725165456544686,5,1,2,8
16,2019,2020,2019-2020,0.8064703303945087,0.19352966960549134,6,2,0,8
16,2020,2021,2020-2021,0.8888721032292843,0.11112789677071566,8,2,0,10
16,2021,2022,2021-2022,0.8440007237526939,0.15599927624730614,9,5,2,16
16,2022,2023,2022-2023,0.8125364654841067,0.18746353451589326,10,3,5,18
16,2023,2024,2023-2024,0.7992022346087317,0.20079776539126826,11,3,3,17
20,2018,2019,2018-2019,0.05833716387383603,0.941662836126164,2,4,5,11
20,2019,2020,2019-2020,0.08249561560224627,0.9175043843977537,2,4,4,10
20,2020,2021,2020-2021,0.09423379636409723,0.9057662036359028,3,3,3,9
20,2021,2022,2021-2022,0.7124073570734675,0.2875926429265325,3,4,3,10
20,2022,2023,2022-2023,0.48101561805100523,0.5189843819489948,4,3,3,10
20,2023,2024,2023-2024,0.5699063142132725,0.43009368578672746,7,2,0,9
24,2018,2019,2018-2019,0.8470279386977194,0.15297206130228058,14,4,4,22
24,2019,2020,2019-2020,0.12411044787009051,0.8758895521299095,13,5,7,25
24,2020,2021,2020-2021,0.5356412874682417,0.4643587125317583,14,4,4,22
24,2021,2022,2021-2022,0.660929472364757,0.33907052763524304,17,4,2,23
24,2022,2023,2022-2023,0.6264964855033892,0.3735035144966108,15,5,4,24
24,2023,2024,2023-2024,0.5220486128555946,0.47795138714440544,14,3,6,23
28,2018,2019,2018-2019,0.010088708611595165,0.9899112913884048,1,1,0,2
28,2019,2020,2019-2020,0.0,1.0,0,1,2,3
28,2020,2021,2020-2021,1.1102230246251565e-16,0.9999999999999999,0,2,1,3
28,2021,2022,2021-2022,1.1102230246251565e-16,0.9999999999999999,0,1,2,3
28,2022,2024,2022-2024,0.0,1.0,0,1,1,2
31,2018,2019,2018-2019,0.6980769302346403,0.30192306976535965,17,4,2,23
31,2019,2020,2019-2020,0.5655150366142185,0.43448496338578146,19,2,1,22
31,2020,2021,2020-2021,0.288309142072534,0.711690857927466,21,2,0,23
31,2021,2022,2021-2022,0.6642068974969375,0.3357931025030625,20,2,3,25
31,2022,2023,2022-2023,0.5604735713772182,0.4395264286227818,21,8,2,31
31,2023,2024,2023-2024,0.6384566307380712,0.36154336926192876,30,2,1,33
32,2018,2019,2018-2019,0.8516141081204103,0.14838589187958973,27,2,2,31
32,2019,2020,2019-2020,0.7431945697013003,0.25680543029869973,27,1,2,30
32,2020,2021,2020-2021,0.6445936682190889,0.3554063317809111,28,1,1,30
32,2021,2022,2021-2022,0.7723462906720229,0.22765370932797713,29,0,0,29
32,2022,2023,2022-2023,0.7605912633658501,0.23940873663414985,28,1,1,30
32,2023,2024,2023-2024,0.7172722607565474,0.2827277392434526,27,2,1,30
36,2018,2019,2018-2019,0.9006934909869623,0.09930650901303772,40,0,0,40
36,2019,2020,2019-2020,0.8940025983684372,0.1059974016315628,39,0,0,39
36,2020,2021,2020-2021,0.8897580215579427,0.1102419784420573,41,0,0,41
36,2021,2022,2021-2022,0.89604981718839,0.10395018281160995,42,0,0,42
36,2022,2023,2022-2023,0.9407253898890545,0.05927461011094548,40,0,0,40
36,2023,2024,2023-2024,0.9325605768897397,0.0674394231102603,38,0,0,38
40,2018,2019,2018-2019,0.7408692905829054,0.2591307094170946,28,0,1,29
40,2019,2020,2019-2020,0.8092413991780542,0.19075860082194585,31,1,0,32
40,2020,2021,2020-2021,0.8598381491855601,0.14016185081443988,33,1,0,34
40,2021,2022,2021-2022,0.774468541734559,0.22553145826544096,38,0,0,38
40,2022,2023,2022-2023,0.8358236057511217,0.1641763942488783,40,0,0,40
40,2023,2024,2023-2024,0.7996064618024479,0.20039353819755212,44,0,0,44
44,2018,2019,2018-2019,0.0053706523260298455,0.9946293476739702,2,3,3,8
44,2019,2020,2019-2020,0.012795140572606223,0.9872048594273938,2,4,3,9
44,2020,2021,2020-2021,0.15153798826797948,0.8484620117320205,2,0,4,6
44,2021,2022,2021-2022,0.0985132958656505,0.9014867041343495,2,2,0,4
44,2022,2023,2022-2023,0.012491494705125783,0.9875085052948742,4,5,0,9
44,2023,2024,2023-2024,0.4659861964280466,0.5340138035719534,8,5,1,14
48,2018,2019,2018-2019,0.9076445516224896,0.09235544837751042,22,0,0,22
48,2019,2020,2019-2020,0.8150735557127268,0.18492644428727323,22,1,0,23
48,2020,2021,2020-2021,0.8570670516686054,0.14293294833139458,23,0,0,23
48,2021,2022,2021-2022,0.8602941095528494,0.13970589044715065,24,0,1,25
48,2022,2023,2022-2023,0.377878604544028,0.622121395455972,32,1,0,33
48,2023,2024,2023-2024,0.2790367530399773,0.7209632469600227,34,0,0,34
50,2018,2019,2018-2019,0.8126617337185992,0.18733826628140082,33,0,1,34
50,2019,2020,2019-2020,0.7767639751236324,0.22323602487636762,30,3,1,34
50,2020,2021,2020-2021,0.8667728648312689,0.13322713516873108,31,1,2,34
50,2021,2022,2021-2022,0.7422555223394955,0.25774447766050446,29,1,3,33
50,2022,2023,2022-2023,0.7770178537737374,0.22298214622626256,30,1,0,31
50,2023,2024,2023-2024,0.8863073255187464,0.11369267448125364,31,1,0,32
51,2018,2019,2018-2019,0.5997406498711885,0.40025935012881153,17,2,4,23
51,2019,2020,2019-2020,0.7734532910952405,0.22654670890475948,16,0,1,17
51,2020,2021,2020-2021,0.6906853884818172,0.30931461151818285,17,3,0,20
51,2021,2022,2021-2022,0.7246483241006677,0.2753516758993323,18,1,3,22
51,2022,2023,2022-2023,0.8738670468183618,0.1261329531816382,21,0,0,21
51,2023,2024,2023-2024,0.6614434750580795,0.33855652494192046,20,0,3,23
52,2018,2019,2018-2019,0.4754004511257095,0.5245995488742905,4,3,3,10
52,2019,2020,2019-2020,0.08930461019100466,0.9106953898089953,5,1,2,8
52,2020,2021,2020-2021,0.08228877815066826,0.9177112218493317,4,2,1,7
52,2021,2022,2021-2022,0.27881031884785634,0.7211896811521437,4,2,2,8
52,2022,2023,2022-2023,0.3034647707737931,0.6965352292262069,5,3,1,9
52,2023,2024,2023-2024,0.00999025443920043,0.9900097455607996,5,6,3,14
56,2018,2019,2018-2019,0.5772260081585554,0.4227739918414446,36,4,0,40
56,2019,2020,2019-2020,0.7341977598102323,0.2658022401897677,40,0,0,40
56,2020,2021,2020-2021,0.7326118289739627,0.2673881710260373,35,0,0,35
56,2021,2022,2021-2022,0.7743949068874068,0.22560509311259325,32,0,1,33
56,2022,2023,2022-2023,0.6577334624916135,0.34226653750838654,37,0,0,37
56,2023,2024,2023-2024,0.8396401089263154,0.16035989107368465,42,1,0,43
60,2018,2019,2018-2019,0.6526836572522517,0.34731634274774825,4,3,2,9
60,2019,2020,2019-2020,0.13953990152760176,0.8604600984723982,4,3,3,10
60,2020,2021,2020-2021,0.1456421663356876,0.8543578336643124,4,7,3,14
60,2021,2022,2021-2022,0.8227795055236222,0.17722049447637778,7,1,4,12
60,2022,2023,2022-2023,0.16110324771311424,0.8388967522868858,6,7,2,15
60,2023,2024,2023-2024,0.2253439859242885,0.7746560140757115,8,6,5,19
64,2018,2019,2018-2019,0.10009202703886433,0.8999079729611357,6,11,1,18
64,2019,2020,2019-2020,0.4960175119758181,0.5039824880241819,17,3,1,21
64,2020,2021,2020-2021,0.8633910423228484,0.13660895767715164,14,2,2,18
64,2021,2022,2021-2022,0.8450893300564747,0.15491066994352531,14,3,1,18
64,2022,2023,2022-2023,0.9273372319257837,0.07266276807421634,11,0,5,16
64,2023,2024,2023-2024,0.9098299727410325,0.0901700272589675,11,1,0,12
68,2018,2019,2018-2019,0.6800514125244644,0.31994858747553556,22,1,1,24
68,2019,2020,2019-2020,0.599518982188928,0.40048101781107204,22,3,3,28
68,2020,2021,2020-2021,0.7316442757656043,0.2683557242343957,24,1,3,28
68,2021,2022,2021-2022,0.7675372173683217,0.2324627826316783,26,8,1,35
68,2022,2023,2022-2023,0.7463058199274806,0.2536941800725194,24,2,8,34
68,2023,2024,2023-2024,0.7861087412537734,0.2138912587462266,24,1,1,26
70,2018,2019,2018-2019,0.6563476100533063,0.34365238994669367,15,2,1,18
70,2019,2020,2019-2020,0.35709478808864703,0.642905211911353,14,0,3,17
70,2020,2021,2020-2021,0.31543059815173746,0.6845694018482625,13,6,1,20
70,2021,2022,2021-2022,0.4481424234115299,0.5518575765884701,16,3,3,22
70,2022,2023,2022-2023,0.3965110238809303,0.6034889761190697,16,6,2,24
70,2023,2024,2023-2024,0.3119748692656783,0.6880251307343217,19,3,2,24
72,2018,2019,2018-2019,0.4629429560637539,0.5370570439362461,5,6,3,14
72,2019,2020,2019-2020,0.0687416821520982,0.9312583178479018,8,2,3,13
72,2020,2021,2020-2021,0.009655123386320463,0.9903448766136795,7,4,3,14
72,2021,2022,2021-2022,0.0684557385126835,0.9315442614873165,7,4,3,14
72,2022,2023,2022-2023,0.06293847759916948,0.9370615224008305,4,2,7,13
72,2023,2024,2023-2024,0.06498642551994704,0.935013574480053,5,4,2,11
76,2018,2019,2018-2019,0.8442783380392493,0.15572166196075066,33,0,0,33
76,2019,2020,2019-2020,0.6089051276542896,0.3910948723457104,33,0,0,33
76,2020,2021,2020-2021,0.6563555051988036,0.3436444948011964,35,0,0,35
76,2021,2022,2021-2022,0.772317219089506,0.227682780910494,37,0,0,37
76,2022,2023,2022-2023,0.7827676626001292,0.2172323373998708,36,1,1,38
76,2023,2024,2023-2024,0.8718228974841751,0.12817710251582493,35,2,1,38
84,2018,2019,2018-2019,0.7131094872163098,0.28689051278369015,2,3,4,9
84,2019,2020,2019-2020,0.7289625458076752,0.27103745419232483,2,3,3,8
84,2020,2021,2020-2021,0.0019358484922326058,0.9980641515077674,2,1,4,7
84,2021,2022,2021-2022,0.00013784413036266319,0.9998621558696373,1,7,2,10
84,2022,2023,2022-2023,0.42044761013210685,0.5795523898678931,5,7,2,14
84,2023,2024,2023-2024,0.30408768345565973,0.6959123165443403,2,1,11,14
90,2018,2019,2018-2019,0.14553704877069484,0.8544629512293052,5,4,3,12
90,2019,2020,2019-2020,0.321917234104799,0.678082765895201,9,10,0,19
90,2020,2021,2020-2021,0.34367143557324675,0.6563285644267532,16,6,4,26
90,2021,2022,2021-2022,0.4719140552772152,0.5280859447227848,14,0,8,22
90,2022,2023,2022-2023,0.4625979319010487,0.5374020680989513,4,2,8,14
90,2023,2024,2023-2024,0.4981819894661107,0.5018180105338893,7,3,0,10
92,2018,2019,2018-2019,0.0029984577607009566,0.997001542239299,1,2,0,3
92,2019,2020,2019-2020,1.1102230246251565e-16,0.9999999999999999,0,2,3,5
92,2020,2021,2020-2021,1.1102230246251565e-16,0.9999999999999999,0,1,2,3
92,2021,2023,2021-2023,0.06522400997908828,0.9347759900209117,1,2,0,3
92,2023,2024,2023-2024,0.5100734889765444,0.48992651102345564,3,4,0,7
96,2018,2019,2018-2019,0.7579219651841756,0.24207803481582435,26,1,2,29
96,2019,2020,2019-2020,0.4516521605456506,0.5483478394543494,25,3,1,29
96,2020,2021,2020-2021,0.8815979822083656,0.1184020177916344,21,0,1,22
96,2021,2022,2021-2022,0.8673291309408644,0.1326708690591356,24,1,1,26
96,2022,2023,2022-2023,0.399559778839909,0.600440221160091,25,1,1,27
96,2023,2024,2023-2024,0.8129106275587032,0.18708937244129675,26,0,0,26
100,2018,2019,2018-2019,0.6701086232518341,0.32989137674816593,21,3,2,26
100,2019,2020,2019-2020,0.35020396706187495,0.649796032938125,24,3,2,29
100,2020,2021,2020-2021,0.7378377012677757,0.2621622987322243,26,1,0,27
100,2021,2022,2021-2022,0.6833744820911783,0.31662551790882165,28,1,1,30
100,2022,2023,2022-2023,0.81216831959836,0.18783168040164,27,2,2,31
100,2023,2024,2023-2024,0.7680490349873523,0.23195096501264767,27,0,0,27
104,2018,2019,2018-2019,0.8632950287078174,0.13670497129218262,33,1,4,38
104,2019,2020,2019-2020,0.8384656114362972,0.16153438856370284,35,2,0,37
104,2020,2021,2020-2021,0.6588157111673039,0.34118428883269614,33,0,3,36
104,2021,2022,2021-2022,0.8031433201069829,0.19685667989301714,33,2,0,35
104,2022,2023,2022-2023,0.8802369909613948,0.11976300903860515,38,1,1,40
104,2023,2024,2023-2024,0.7400336633414001,0.2599663366585999,32,1,4,37
108,2018,2019,2018-2019,0.7234809300442258,0.27651906995577424,2,7,1,10
108,2019,2020,2019-2020,0.913853367955713,0.08614663204428696,3,0,6,9
108,2020,2021,2020-2021,0.811336384306493,0.18866361569350698,2,3,1,6
108,2021,2022,2021-2022,0.8221999019841967,0.17780009801580332,3,6,2,11
108,2022,2023,2022-2023,0.922718449729227,0.07728155027077299,4,0,5,9
108,2023,2024,2023-2024,0.8715896090683901,0.12841039093160989,3,5,2,10
112,2018,2019,2018-2019,0.6818899974901456,0.31811000250985444,19,3,1,23
112,2019,2020,2019-2020,0.6909341105661418,0.30906588943385815,20,0,3,23
112,2020,2021,2020-2021,0.6526969835276222,0.3473030164723778,18,1,1,20
112,2021,2022,2021-2022,0.7080699881245334,0.29193001187546663,17,0,2,19
112,2022,2023,2022-2023,0.7192908803004388,0.28070911969956125,13,0,0,13
112,2023,2024,2023-2024,0.643030039257098,0.356969960742902,14,4,0,18
116,2018,2019,2018-2019,0.8465659804187273,0.15343401958127267,40,1,0,41
116,2019,2020,2019-2020,0.8326452968816802,0.1673547031183198,33,1,2,36
116,2020,2021,2020-2021,0.8575730185046427,0.14242698149535726,35,1,1,37
116,2021,2022,2021-2022,0.8686778458692261,0.13132215413077386,36,0,0,36
116,2022,2023,2022-2023,0.7882608886289282,0.21173911137107182,38,2,0,40
116,2023,2024,2023-2024,0.8579095655424451,0.14209043445755487,42,1,0,43
120,2018,2019,2018-2019,0.6050071281475331,0.3949928718524669,17,6,3,26
120,2019,2020,2019-2020,0.36033762873105657,0.6396623712689434,17,3,6,26
120,2020,2021,2020-2021,0.24881901834119546,0.7511809816588045,15,5,4,24
120,2021,2022,2021-2022,0.6250430390127208,0.37495696098727915,17,1,5,23
120,2022,2023,2022-2023,0.5709125668130143,0.4290874331869857,16,2,2,20
120,2023,2024,2023-2024,0.8468411056274381,0.15315889437256192,16,3,3,22
124,2018,2019,2018-2019,0.9120748400316804,0.08792515996831962,42,0,0,42
124,2019,2020,2019-2020,0.8888200122015031,0.11117998779849692,48,0,0,48
124,2020,2021,2020-2021,0.898750179084809,0.10124982091519097,47,0,0,47
124,2021,2022,2021-2022,0.8954558115258227,0.10454418847417735,46,0,0,46
124,2022,2023,2022-2023,0.8509742780646539,0.14902572193534613,43,0,0,43
124,2023,2024,2023-2024,0.8759028597180254,0.1240971402819746,42,0,0,42
132,2018,2019,2018-2019,0.8060281283141406,0.1939718716858594,2,2,0,4
132,2019,2020,2019-2020,0.2583415376461188,0.7416584623538812,3,2,2,7
132,2020,2021,2020-2021,0.0006779502636922174,0.9993220497363078,1,5,4,10
132,2021,2022,2021-2022,0.03761420137200333,0.9623857986279967,2,4,4,10
132,2022,2023,2022-2023,0.057878417505900615,0.9421215824940994,1,1,5,7
132,2023,2024,2023-2024,0.10690129834460427,0.8930987016553957,1,3,1,5
136,2018,2019,2018-2019,0.5702877959162151,0.42971220408378485,2,4,1,7
136,2019,2020,2019-2020,0.5692934420560211,0.43070655794397894,2,1,4,7
136,2020,2021,2020-2021,0.9677477635040385,0.03225223649596154,2,0,1,3
136,2021,2022,2021-2022,0.03840790866943822,0.9615920913305618,2,4,0,6
136,2022,2023,2022-2023,0.37250692040475497,0.627493079595245,2,2,4,8
136,2023,2024,2023-2024,0.49326520034094,0.50673479965906,2,2,2,6
140,2018,2019,2018-2019,0.7462179558089103,0.25378204419108974,1,4,2,7
140,2019,2020,2019-2020,0.24260376943461115,0.7573962305653889,3,3,2,8
140,2020,2021,2020-2021,0.24617990110262145,0.7538200988973786,2,3,4,9
140,2021,2022,2021-2022,0.7676356462922573,0.23236435370774267,1,2,4,7
140,2022,2023,2022-2023,0.9328336325901592,0.06716636740984083,1,1,2,4
140,2023,2024,2023-2024,0.8173507751756826,0.18264922482431745,2,7,0,9
144,2018,2019,2018-2019,0.6189393420088004,0.3810606579911996,31,2,2,35
144,2019,2020,2019-2020,0.6604054697514727,0.33959453024852726,27,1,6,34
144,2020,2021,2020-2021,0.43151714326015267,0.5684828567398473,27,2,1,30
144,2021,2022,2021-2022,0.4905420588864394,0.5094579411135606,30,1,1,32
144,2022,2023,2022-2023,0.5785338473117863,0.42146615268821375,24,2,3,29
144,2023,2024,2023-2024,0.8251627844997826,0.17483721550021736,30,1,1,32
148,2018,2019,2018-2019,0.8360671770851419,0.1639328229148581,1,1,0,2
148,2019,2020,2019-2020,0.07841062501433338,0.9215893749856666,1,1,1,3
148,2020,2021,2020-2021,0.0,1.0,0,3,2,5
148,2021,2022,2021-2022,0.9292455658342196,0.07075443416578042,1,1,2,4
148,2022,2023,2022-2023,0.8027796845388266,0.19722031546117336,2,2,0,4
148,2023,2024,2023-2024,0.7984190994773789,0.20158090052262112,1,0,3,4
152,2018,2019,2018-2019,0.7724884740366526,0.22751152596334745,38,0,1,39
152,2019,2020,2019-2020,0.8498896043255889,0.1501103956744111,34,0,0,34
152,2020,2021,2020-2021,0.733907774003935,0.26609222599606497,39,1,0,40
152,2021,2022,2021-2022,0.8492445878831951,0.15075541211680488,42,1,0,43
152,2022,2023,2022-2023,0.7662192074874392,0.2337807925125608,41,0,1,42
152,2023,2024,2023-2024,0.7975611514473775,0.2024388485526225,37,1,0,38
156,2018,2019,2018-2019,0.9265093754402941,0.0734906245597059,48,0,0,48
156,2019,2020,2019-2020,0.9116251543923043,0.0883748456076957,49,0,0,49
156,2020,2021,2020-2021,0.9313048655819042,0.06869513441809583,48,0,0,48
156,2021,2022,2021-2022,0.8905155213118844,0.10948447868811562,48,0,0,48
156,2022,2023,2022-2023,0.9133731125473141,0.08662688745268587,50,0,0,50
156,2023,2024,2023-2024,0.9295001691932339,0.07049983080676614,52,0,0,52
170,2018,2019,2018-2019,0.7303213443585801,0.2696786556414199,33,3,1,37
170,2019,2020,2019-2020,0.7942382897071597,0.2057617102928403,35,1,1,37
170,2020,2021,2020-2021,0.730823487655824,0.26917651234417606,32,0,1,33
170,2021,2022,2021-2022,0.7379373614413745,0.26206263855862555,31,1,0,32
170,2022,2023,2022-2023,0.7280402535378856,0.2719597464621144,32,1,0,33
170,2023,2024,2023-2024,0.7092523202593606,0.2907476797406394,28,0,1,29
174,2018,2021,2018-2021,0.5429296334966778,0.4570703665033222,1,0,1,2
174,2021,2022,2021-2022,0.277258041950864,0.722741958049136,1,1,0,2
174,2022,2023,2022-2023,0.6097261854511251,0.3902738145488749,1,0,1,2
178,2018,2019,2018-2019,0.5820093593884539,0.4179906406115461,9,2,4,15
178,2019,2020,2019-2020,0.13773406979524883,0.8622659302047512,10,8,3,21
178,2020,2021,2020-2021,0.12716937830913866,0.8728306216908613,12,1,7,20
178,2021,2022,2021-2022,0.5209439404380856,0.47905605956191444,11,2,3,16
178,2022,2023,2022-2023,0.7095926030223598,0.2904073969776402,12,3,2,17
178,2023,2024,2023-2024,0.7172821206857938,0.2827178793142062,11,0,3,14
180,2018,2019,2018-2019,0.3099257035799411,0.6900742964200589,7,11,0,18
180,2019,2020,2019-2020,0.43127885229537744,0.5687211477046226,11,5,7,23
180,2020,2021,2020-2021,0.06970288862700647,0.9302971113729935,9,6,7,22
180,2021,2022,2021-2022,0.1175573113311924,0.8824426886688076,10,4,5,19
180,2022,2023,2022-2023,0.5020380389436662,0.49796196105633383,8,3,6,17
180,2023,2024,2023-2024,0.428136448649695,0.571863551350305,7,2,4,13
184,2018,2019,2018-2019,1.0,0.0,1,0,0,1
184,2019,2020,2019-2020,0.985774081085479,0.014225918914520963,1,1,0,2
184,2020,2022,2020-2022,0.0,1.0,0,1,2,3
184,2022,2023,2022-2023,0.04858364019136174,0.9514163598086383,1,1,0,2
184,2023,2024,2023-2024,0.0024191276534973882,0.9975808723465026,1,3,1,5
188,2018,2019,2018-2019,0.7335252410169115,0.2664747589830885,19,3,1,23
188,2019,2020,2019-2020,0.6874505114459224,0.3125494885540776,20,4,2,26
188,2020,2021,2020-2021,0.7684335054106116,0.23156649458938838,22,1,2,25
188,2021,2022,2021-2022,0.773205272999026,0.22679472700097403,23,3,0,26
188,2022,2023,2022-2023,0.6769073971068122,0.32309260289318775,28,1,0,29
188,2023,2024,2023-2024,0.8698293374012993,0.1301706625987007,26,1,3,30
191,2018,2019,2018-2019,0.4574725603417159,0.5425274396582841,25,5,1,31
191,2019,2020,2019-2020,0.37668464097813503,0.623315359021865,24,2,7,33
191,2020,2021,2020-2021,0.5969596016174423,0.4030403983825577,26,1,1,28
191,2021,2022,2021-2022,0.2951619044304894,0.7048380955695106,24,2,2,28
191,2022,2023,2022-2023,0.30445007607317665,0.6955499239268234,26,8,1,35
191,2023,2024,2023-2024,0.6576403372545823,0.34235966274541774,29,1,7,37
192,2018,2019,2018-2019,0.7979802417374605,0.20201975826253948,7,0,3,10
192,2019,2020,2019-2020,0.16375294241737004,0.83624705758263,4,0,3,7
192,2020,2021,2020-2021,0.03657540391961167,0.9634245960803883,3,1,0,4
192,2021,2022,2021-2022,0.0021475524355425435,0.9978524475644575,3,3,1,7
192,2022,2023,2022-2023,0.10333133048945686,0.8966686695105431,1,2,5,8
192,2023,2024,2023-2024,0.003219667892040756,0.9967803321079592,1,7,2,10
196,2018,2019,2018-2019,0.1755659150328751,0.8244340849671249,21,4,1,26
196,2019,2020,2019-2020,0.09773364459876133,0.9022663554012387,23,7,2,32
196,2020,2021,2020-2021,0.8235842255481375,0.17641577445186252,28,5,2,35
196,2021,2022,2021-2022,0.66202093543269,0.33797906456731,28,4,3,35
196,2022,2023,2022-2023,0.6527751401060813,0.3472248598939187,29,4,1,34
196,2023,2024,2023-2024,0.6011832475635425,0.39881675243645753,31,1,2,34
203,2018,2019,2018-2019,0.8257281617077301,0.1742718382922699,33,1,0,34
203,2019,2020,2019-2020,0.7692959113381517,0.23070408866184833,33,0,0,33
203,2020,2021,2020-2021,0.8613039310382811,0.13869606896171893,31,1,1,33
203,2021,2022,2021-2022,0.8395132953060909,0.16048670469390913,32,0,1,33
203,2022,2023,2022-2023,0.8971035811528476,0.1028964188471524,32,0,0,32
203,2023,2024,2023-2024,0.8272960325726118,0.17270396742738825,32,0,0,32
204,2018,2019,2018-2019,0.716819888992015,0.283180111007985,4,0,9,13
204,2019,2020,2019-2020,0.40500013543845104,0.594999864561549,4,2,1,7
204,2020,2021,2020-2021,0.6151208577981352,0.3848791422018648,5,12,1,18
204,2021,2022,2021-2022,0.7444976708150034,0.2555023291849966,7,1,10,18
204,2022,2023,2022-2023,0.47596739983845093,0.5240326001615491,7,10,0,17
204,2023,2024,2023-2024,0.5322881195335784,0.46771188046642165,7,1,9,17
208,2018,2019,2018-2019,0.2583650412536429,0.7416349587463571,40,4,0,44
208,2019,2020,2019-2020,0.7202429094253049,0.2797570905746951,46,1,1,48
208,2020,2021,2020-2021,0.2991725888751475,0.7008274111248525,43,0,0,43
208,2021,2022,2021-2022,0.8147955523771214,0.18520444762287858,37,0,0,37
208,2022,2023,2022-2023,0.9002746178655986,0.09972538213440141,35,0,0,35
208,2023,2024,2023-2024,0.7110540547086057,0.2889459452913943,36,1,0,37
212,2018,2019,2018-2019,0.37025657479125584,0.6297434252087442,6,3,7,16
212,2019,2020,2019-2020,0.78632833610346,0.21367166389654002,4,1,5,10
212,2020,2021,2020-2021,0.8139386470692798,0.18606135293072024,3,0,2,5
212,2021,2022,2021-2022,0.8409446272933362,0.1590553727066638,3,2,0,5
212,2022,2023,2022-2023,0.25472400977622356,0.7452759902237764,2,0,2,4
212,2023,2024,2023-2024,0.008977077626089014,0.991022922373911,1,4,1,6
214,2018,2019,2018-2019,0.8349718802426943,0.1650281197573057,28,2,0,30
214,2019,2020,2019-2020,0.7758276084734205,0.22417239152657953,28,2,2,32
214,2020,2021,2020-2021,0.7605557333364843,0.2394442666635157,30,1,0,31
214,2021,2022,2021-2022,0.6171145355903905,0.38288546440960947,30,0,0,30
214,2022,2023,2022-2023,0.5645014194646055,0.4354985805353945,29,0,1,30
214,2023,2024,2023-2024,0.7810122602632568,0.21898773973674324,26,0,1,27
218,2018,2019,2018-2019,0.7581166078965549,0.24188339210344512,23,0,1,24
218,2019,2020,2019-2020,0.7817551489607866,0.21824485103921343,22,1,1,24
218,2020,2021,2020-2021,0.8650758400996245,0.13492415990037554,23,2,0,25
218,2021,2022,2021-2022,0.8581573809652616,0.14184261903473838,25,1,1,27
218,2022,2023,2022-2023,0.8739624786315197,0.12603752136848034,25,3,0,28
218,2023,2024,2023-2024,0.8071123427947318,0.19288765720526824,26,0,1,27
222,2018,2019,2018-2019,0.8250645116306407,0.17493548836935935,16,3,2,21
222,2019,2020,2019-2020,0.8851933485033849,0.11480665149661506,17,3,2,22
222,2020,2021,2020-2021,0.8055769441093346,0.19442305589066544,17,3,3,23
222,2021,2022,2021-2022,0.7947972115269573,0.20520278847304274,17,2,3,22
222,2022,2023,2022-2023,0.8010596032543946,0.19894039674560537,16,1,2,19
222,2023,2024,2023-2024,0.8457951146854176,0.15420488531458243,17,2,0,19
226,2018,2019,2018-2019,0.00019527832775900755,0.999804721672241,2,0,2,4
226,2019,2020,2019-2020,0.010643580023780075,0.9893564199762199,2,3,0,5
226,2020,2021,2020-2021,0.04679703112000799,0.953202968879992,3,3,2,8
226,2021,2022,2021-2022,0.05807991060287321,0.9419200893971268,4,6,2,12
226,2022,2023,2022-2023,0.0569394761766393,0.9430605238233607,3,2,7,12
226,2023,2024,2023-2024,0.34530489195670944,0.6546951080432906,1,2,4,7
231,2018,2019,2018-2019,0.6926998262085435,0.30730017379145647,17,5,3,25
231,2019,2020,2019-2020,0.516876639714257,0.483123360285743,19,7,5,31
231,2020,2021,2020-2021,0.363203684855704,0.636796315144296,17,6,8,31
231,2021,2022,2021-2022,0.27401005080666596,0.725989949193334,16,5,7,28
231,2022,2023,2022-2023,0.42281980310325074,0.5771801968967493,18,4,2,24
231,2023,2024,2023-2024,0.27201353799237915,0.7279864620076208,17,3,7,27
232,2018,2019,2018-2019,0.0,1.0,0,1,3,4
232,2019,2020,2019-2020,0.0,1.0,0,1,1,2
232,2020,2021,2020-2021,1.0,0.0,1,0,0,1
232,2021,2022,2021-2022,0.9688548786934026,0.031145121306597412,1,1,0,2
232,2022,2023,2022-2023,0.9688548786934026,0.031145121306597412,1,0,1,2
232,2023,2024,2023-2024,0.0,1.0,0,2,1,3
233,2018,2019,2018-2019,0.7342134028024503,0.2657865971975497,23,0,3,26
233,2019,2020,2019-2020,0.8356262448904447,0.16437375510955532,22,1,0,23
233,2020,2021,2020-2021,0.8475199211077548,0.15248007889224524,22,0,0,22
233,2021,2022,2021-2022,0.8220154979998373,0.1779845020001627,21,1,0,22
233,2022,2023,2022-2023,0.8154700398424938,0.18452996015750622,26,1,0,27
233,2023,2024,2023-2024,0.8876499889000079,0.1123500110999921,26,1,0,27
234,2018,2019,2018-2019,0.028232312408047355,0.9717676875919526,1,1,0,2
234,2019,2020,2019-2020,0.47001865837638146,0.5299813416236185,1,1,1,3
234,2020,2021,2020-2021,1.1102230246251565e-16,0.9999999999999999,0,3,2,5
234,2021,2022,2021-2022,0.016483250895931056,0.9835167491040689,2,2,1,5
234,2022,2023,2022-2023,0.631961319613707,0.36803868038629295,3,3,1,7
234,2023,2024,2023-2024,0.02906854674495818,0.9709314532550418,4,3,2,9
238,2020,2021,2020-2021,0.7573286555357923,0.24267134446420768,1,0,2,3
238,2021,2023,2021-2023,0.0,1.0,0,1,1,2
238,2023,2024,2023-2024,0.0,1.0,0,1,1,2
239,2018,2020,2018-2020,0.0,1.0,0,1,1,2
239,2020,2021,2020-2021,1.0,0.0,1,0,0,1
239,2021,2023,2021-2023,0.9081796765889262,0.09182032341107382,1,1,0,2
239,2023,2024,2023-2024,1.1102230246251565e-16,0.9999999999999999,0,1,2,3
242,2018,2019,2018-2019,0.7032092872577872,0.2967907127422128,27,4,8,39
242,2019,2020,2019-2020,0.662838388614102,0.33716161138589795,25,2,6,33
242,2020,2021,2020-2021,0.5718894116099547,0.42811058839004534,25,6,3,34
242,2021,2022,2021-2022,0.6084571297621854,0.39154287023781464,30,6,1,37
242,2022,2023,2022-2023,0.6832634022865283,0.31673659771347173,32,1,5,38
242,2023,2024,2023-2024,0.5915298828472303,0.4084701171527697,30,3,3,36
246,2018,2019,2018-2019,0.7581669665548845,0.24183303344511553,31,4,1,36
246,2019,2020,2019-2020,0.8182924766704569,0.1817075233295431,33,2,4,39
246,2020,2021,2020-2021,0.7072538494760033,0.29274615052399666,35,0,0,35
246,2021,2022,2021-2022,0.6698503445705853,0.33014965542941466,31,1,0,32
246,2022,2023,2022-2023,0.7346079901486028,0.2653920098513972,35,0,1,36
246,2023,2024,2023-2024,0.5459854430962431,0.4540145569037569,36,0,0,36
251,2018,2019,2018-2019,0.8911545316044789,0.10884546839552112,42,0,0,42
251,2019,2020,2019-2020,0.8103592355776748,0.18964076442232525,42,0,0,42
251,2020,2021,2020-2021,0.898732553705725,0.10126744629427498,43,0,0,43
251,2021,2022,2021-2022,0.9093911896937146,0.09060881030628543,43,0,0,43
251,2022,2023,2022-2023,0.9068547040802606,0.09314529591973941,44,0,0,44
251,2023,2024,2023-2024,0.8046290519405638,0.19537094805943622,49,0,0,49
258,2018,2019,2018-2019,0.8296493459237867,0.1703506540762133,8,5,5,18
258,2019,2020,2019-2020,0.6954385709829359,0.30456142901706407,9,3,4,16
258,2020,2021,2020-2021,0.6163221775536776,0.3836778224463224,11,8,1,20
258,2021,2022,2021-2022,0.7535116170557873,0.24648838294421271,16,0,4,20
258,2022,2023,2022-2023,0.7537877889137665,0.24621221108623348,13,0,2,15
258,2023,2024,2023-2024,0.7933845736112143,0.20661542638878572,11,5,1,17
262,2018,2019,2018-2019,0.19843314744551233,0.8015668525544877,6,10,7,23
262,2019,2020,2019-2020,0.0041642606512897196,0.9958357393487103,9,4,8,21
262,2020,2021,2020-2021,0.005002654255504058,0.9949973457444959,7,5,5,17
262,2021,2022,2021-2022,0.034883844453469814,0.9651161555465302,7,7,5,19
262,2022,2023,2022-2023,0.6659614228133683,0.33403857718663166,12,2,2,16
262,2023,2024,2023-2024,0.26974724563259966,0.7302527543674003,7,2,9,18
266,2018,2019,2018-2019,0.6296281032700188,0.37037189672998116,10,2,3,15
266,2019,2020,2019-2020,0.2986791668090959,0.7013208331909041,10,5,1,16
266,2020,2021,2020-2021,0.21431210521739474,0.7856878947826053,8,3,6,17
266,2021,2022,2021-2022,0.7942105063047133,0.20578949369528665,8,4,3,15
266,2022,2023,2022-2023,0.43899967902426495,0.561000320975735,8,3,5,16
266,2023,2024,2023-2024,0.6644854481614214,0.3355145518385786,8,3,3,14
268,2018,2019,2018-2019,0.6850190191728546,0.31498098082714543,23,2,0,25
268,2019,2020,2019-2020,0.6331247177325161,0.3668752822674839,22,1,4,27
268,2020,2021,2020-2021,0.6445669728840959,0.3554330271159041,23,3,0,26
268,2021,2022,2021-2022,0.8640205770319155,0.13597942296808452,25,4,0,29
268,2022,2023,2022-2023,0.6940100521545827,0.30598994784541733,28,1,1,30
268,2023,2024,2023-2024,0.7867701767232438,0.21322982327675621,29,2,0,31
270,2018,2019,2018-2019,0.48880733604818805,0.511192663951812,8,3,3,14
270,2019,2020,2019-2020,0.07235258618456808,0.9276474138154319,2,1,9,12
270,2020,2021,2020-2021,0.03175121533626157,0.9682487846637384,2,5,1,8
270,2021,2022,2021-2022,0.553961647539851,0.446038352460149,3,0,4,7
270,2022,2023,2022-2023,0.040396865088364375,0.9596031349116356,3,6,0,9
270,2023,2024,2023-2024,0.7199042973146563,0.2800957026853437,5,2,4,11
275,2018,2019,2018-2019,0.30133606767231846,0.6986639323276815,4,1,1,6
275,2019,2020,2019-2020,0.6818228791308096,0.31817712086919037,4,1,1,6
275,2020,2021,2020-2021,0.3458932614838264,0.6541067385161736,5,5,0,10
275,2021,2022,2021-2022,0.5308579066046482,0.46914209339535184,6,1,4,11
275,2022,2023,2022-2023,0.17253085474046204,0.827469145259538,5,6,2,13
275,2023,2024,2023-2024,0.19765181008651345,0.8023481899134866,7,2,4,13
276,2018,2019,2018-2019,0.8072652862494795,0.19273471375052054,44,1,0,45
276,2019,2020,2019-2020,0.8886997088038505,0.11130029119614948,48,0,0,48
276,2020,2021,2020-2021,0.875934922176955,0.12406507782304499,47,0,0,47
276,2021,2022,2021-2022,0.8635978405392903,0.13640215946070966,43,0,0,43
276,2022,2023,2022-2023,0.8639281150666234,0.13607188493337663,48,0,0,48
276,2023,2024,2023-2024,0.7882575229528087,0.2117424770471913,46,0,0,46
288,2018,2019,2018-2019,0.6819879120237349,0.3180120879762651,28,4,1,33
288,2019,2020,2019-2020,0.5427925150137036,0.4572074849862964,29,4,4,37
288,2020,2021,2020-2021,0.5521756967782663,0.4478243032217337,31,4,3,38
288,2021,2022,2021-2022,0.6220073026517219,0.3779926973482781,28,5,1,34
288,2022,2023,2022-2023,0.5300554602558554,0.46994453974414463,30,2,3,35
288,2023,2024,2023-2024,0.6178831246375058,0.38211687536249417,25,2,4,31
292,2018,2019,2018-2019,0.03835522105672817,0.9616447789432718,1,3,0,4
292,2019,2020,2019-2020,0.7467461046005197,0.2532538953994803,3,4,1,8
292,2020,2021,2020-2021,0.06823670278966243,0.9317632972103376,3,4,4,11
292,2021,2022,2021-2022,0.10888285739312975,0.8911171426068702,7,7,0,14
292,2022,2023,2022-2023,0.13766944118364577,0.8623305588163542,8,3,6,17
292,2023,2024,2023-2024,0.5210321267402558,0.4789678732597442,10,3,1,14
296,2018,2019,2018-2019,0.7759063619900154,0.2240936380099846,10,0,3,13
296,2019,2020,2019-2020,0.7319569599285931,0.2680430400714069,8,2,2,12
296,2020,2021,2020-2021,0.7067502001757573,0.2932497998242427,9,3,0,12
296,2021,2022,2021-2022,0.7002059825449474,0.29979401745505263,9,1,2,12
296,2022,2023,2022-2023,0.6672812773889683,0.33271872261103175,8,5,1,14
296,2023,2024,2023-2024,0.7113754938872762,0.28862450611272383,11,2,3,16
300,2018,2019,2018-2019,0.8626608836830161,0.13733911631698392,31,2,0,33
300,2019,2020,2019-2020,0.6518497617931325,0.3481502382068675,33,0,0,33
300,2020,2021,2020-2021,0.7498143712881951,0.25018562871180494,31,0,1,32
300,2021,2022,2021-2022,0.6701800689727923,0.32981993102720775,32,1,0,33
300,2022,2023,2022-2023,0.7095765671250995,0.29042343287490047,32,1,1,34
300,2023,2024,2023-2024,0.7944650416947213,0.20553495830527868,32,0,0,32
304,2018,2019,2018-2019,0.16827201028862193,0.8317279897113781,2,4,3,9
304,2019,2020,2019-2020,0.5539463719594362,0.4460536280405638,2,1,4,7
304,2020,2021,2020-2021,0.016008417804636355,0.9839915821953636,1,9,2,12
304,2021,2022,2021-2022,0.26211837517653314,0.7378816248234669,8,5,2,15
304,2022,2023,2022-2023,0.1561962775080259,0.8438037224919741,9,7,4,20
304,2023,2024,2023-2024,0.6971502792506687,0.30284972074933125,13,3,3,19
308,2019,2020,2019-2020,0.49306687892547973,0.5069331210745203,1,0,1,2
308,2020,2021,2020-2021,0.0,1.0,0,4,1,5
308,2021,2022,2021-2022,0.0,1.0,0,1,4,5
308,2022,2023,2022-2023,0.0,1.0,0,2,1,3
308,2023,2024,2023-2024,0.8349712629916911,0.1650287370083089,1,0,1,2
316,2018,2019,2018-2019,0.7980027429190754,0.20199725708092464,25,0,0,25
316,2019,2020,2019-2020,0.8231382463536447,0.17686175364635526,26,2,1,29
316,2020,2021,2020-2021,0.7379807570364957,0.2620192429635043,29,0,0,29
316,2021,2022,2021-2022,0.8381534518813518,0.16184654811864818,32,0,0,32
316,2022,2023,2022-2023,0.7592241941313586,0.24077580586864145,34,0,0,34
316,2023,2024,2023-2024,0.7794376861913302,0.22056231380866975,32,0,0,32
320,2018,2019,2018-2019,0.6937516050134263,0.30624839498657375,29,5,3,37
320,2019,2020,2019-2020,0.7540259173909327,0.24597408260906728,32,1,2,35
320,2020,2021,2020-2021,0.579415971795114,0.42058402820488605,33,2,0,35
320,2021,2022,2021-2022,0.5794801068900393,0.42051989310996074,33,0,1,34
320,2022,2023,2022-2023,0.7852722832065582,0.21472771679344183,33,1,0,34
320,2023,2024,2023-2024,0.7192245455490063,0.2807754544509937,35,2,2,39
324,2018,2019,2018-2019,0.43299251572621034,0.5670074842737897,19,0,6,25
324,2019,2020,2019-2020,0.49886906959497546,0.5011309304050245,17,7,3,27
324,2020,2021,2020-2021,0.3942937628923625,0.6057062371076375,19,3,5,27
324,2021,2022,2021-2022,0.5389881423997214,0.46101185760027863,16,3,5,24
324,2022,2023,2022-2023,0.4314587659983735,0.5685412340016265,15,4,4,23
324,2023,2024,2023-2024,0.34800390694782546,0.6519960930521745,18,8,2,28
328,2018,2019,2018-2019,0.34669671397592294,0.6533032860240771,3,4,4,11
328,2019,2020,2019-2020,0.0053905454600601255,0.9946094545399399,3,6,4,13
328,2020,2021,2020-2021,0.03241553878127279,0.9675844612187272,7,7,2,16
328,2021,2022,2021-2022,0.3308615959205745,0.6691384040794255,8,0,6,14
328,2022,2023,2022-2023,0.5034022838955302,0.4965977161044698,5,4,1,10
328,2023,2024,2023-2024,0.7742303776939043,0.22576962230609565,9,3,2,14
332,2018,2019,2018-2019,0.6648451398376629,0.3351548601623371,11,2,2,15
332,2019,2020,2019-2020,0.7644772378953009,0.23552276210469913,12,5,0,17
332,2020,2021,2020-2021,0.7407127666303606,0.25928723336963944,18,2,2,22
332,2021,2022,2021-2022,0.5068581241718506,0.4931418758281494,18,2,2,22
332,2022,2023,2022-2023,0.5345607942828392,0.4654392057171608,16,2,3,21
332,2023,2024,2023-2024,0.7803370012192429,0.21966299878075712,16,0,0,16
336,2023,2024,2023-2024,1.1102230246251565e-16,0.9999999999999999,0,4,1,5
340,2018,2019,2018-2019,0.9449656500656247,0.05503434993437528,11,1,3,15
340,2019,2020,2019-2020,0.956619269893723,0.043380730106276966,9,2,1,12
340,2020,2021,2020-2021,0.9465873266571737,0.05341267334282629,7,0,4,11
340,2021,2022,2021-2022,0.9687759640706713,0.031224035929328653,6,1,0,7
340,2022,2023,2022-2023,0.9201954453179739,0.07980455468202607,7,7,0,14
340,2023,2024,2023-2024,0.9443604472964191,0.0556395527035809,16,0,0,16
344,2018,2019,2018-2019,0.9101684537513081,0.08983154624869194,49,0,0,49
344,2019,2020,2019-2020,0.8084998367715563,0.19150016322844365,50,0,0,50
344,2020,2021,2020-2021,0.8619463730668581,0.13805362693314194,48,0,0,48
344,2021,2022,2021-2022,0.8555941983061965,0.14440580169380346,49,0,0,49
344,2022,2023,2022-2023,0.8828119766302758,0.11718802336972423,55,0,0,55
344,2023,2024,2023-2024,0.8869658688672938,0.11303413113270622,54,0,0,54
348,2018,2019,2018-2019,0.7807362624773599,0.21926373752264006,27,2,1,30
348,2019,2020,2019-2020,0.8232936662634739,0.1767063337365261,29,0,0,29
348,2020,2021,2020-2021,0.8197139935776253,0.1802860064223747,30,0,0,30
348,2021,2022,2021-2022,0.919054379370844,0.080945620629156,32,0,0,32
348,2022,2023,2022-2023,0.8621893851416675,0.13781061485833246,31,1,0,32
348,2023,2024,2023-2024,0.7546140899764143,0.24538591002358567,32,1,0,33
352,2018,2019,2018-2019,0.36288438588220495,0.637115614117795,21,3,8,32
352,2019,2020,2019-2020,0.7018370241322254,0.2981629758677746,19,7,5,31
352,2020,2021,2020-2021,0.022594797823509594,0.9774052021764904,24,1,2,27
352,2021,2022,2021-2022,0.0239084146754458,0.9760915853245542,22,3,1,26
352,2022,2023,2022-2023,0.7563189488890888,0.2436810511109112,25,5,3,33
352,2023,2024,2023-2024,0.8389078329560841,0.16109216704391593,30,4,3,37
360,2018,2019,2018-2019,0.8081157653384751,0.19188423466152493,41,0,1,42
360,2019,2020,2019-2020,0.785202023806565,0.214797976193435,41,1,0,42
360,2020,2021,2020-2021,0.7622635663626628,0.2377364336373372,40,0,0,40
360,2021,2022,2021-2022,0.8683975546826185,0.13160244531738152,40,0,0,40
360,2022,2023,2022-2023,0.7915907499095701,0.20840925009042988,40,0,0,40
360,2023,2024,2023-2024,0.7722134006580114,0.22778659934198864,36,0,0,36
364,2018,2019,2018-2019,0.5171200368340314,0.4828799631659686,22,2,6,30
364,2019,2020,2019-2020,0.6479534942169332,0.35204650578306684,22,2,2,26
364,2020,2021,2020-2021,0.6785917376865277,0.3214082623134723,20,1,3,24
364,2021,2022,2021-2022,0.5768012882065232,0.4231987117934768,19,7,1,27
364,2022,2023,2022-2023,0.6005483724140999,0.39945162758590014,22,6,5,33
364,2023,2024,2023-2024,0.5749922428527109,0.4250077571472891,24,5,4,33
368,2018,2019,2018-2019,0.8886700766739002,0.11132992332609981,36,3,0,39
368,2019,2020,2019-2020,0.765451180471806,0.23454881952819395,37,1,2,40
368,2020,2021,2020-2021,0.7469509114294073,0.2530490885705927,39,0,1,40
368,2021,2022,2021-2022,0.7315382904225916,0.26846170957740845,36,3,2,41
368,2022,2023,2022-2023,0.6532045795415651,0.3467954204584349,40,1,1,42
368,2023,2024,2023-2024,0.5123064977773315,0.4876935022226685,39,4,1,44
372,2018,2019,2018-2019,0.3363775870632162,0.6636224129367838,25,0,1,26
372,2019,2020,2019-2020,0.49808119632938164,0.5019188036706184,28,0,0,28
372,2020,2021,2020-2021,0.35713846725298526,0.6428615327470147,33,1,0,34
372,2021,2022,2021-2022,0.6388606218952124,0.3611393781047876,34,0,1,35
372,2022,2023,2022-2023,0.6044204031535154,0.3955795968464846,31,0,1,32
372,2023,2024,2023-2024,0.8714062788530699,0.12859372114693013,28,2,0,30
376,2018,2019,2018-2019,0.8839618602635667,0.11603813973643329,31,0,0,31
376,2019,2020,2019-2020,0.7920482140005395,0.20795178599946051,32,1,1,34
376,2020,2021,2020-2021,0.5940748701053382,0.4059251298946618,32,0,1,33
376,2021,2022,2021-2022,0.8761640337303473,0.12383596626965265,31,1,1,33
376,2022,2023,2022-2023,0.8671830323943488,0.1328169676056512,33,0,1,34
376,2023,2024,2023-2024,0.8587863178495335,0.14121368215046648,34,0,0,34
380,2018,2019,2018-2019,0.8629854143882956,0.13701458561170443,47,0,0,47
380,2019,2020,2019-2020,0.8311429774991996,0.16885702250080037,47,0,1,48
380,2020,2021,2020-2021,0.7900930240136714,0.20990697598632857,48,0,0,48
380,2021,2022,2021-2022,0.7773407709860883,0.22265922901391166,51,0,0,51
380,2022,2023,2022-2023,0.7458609575382527,0.25413904246174734,49,0,0,49
380,2023,2024,2023-2024,0.7503528667025486,0.24964713329745136,47,0,0,47
384,2018,2019,2018-2019,0.8982545752589292,0.10174542474107084,16,1,2,19
384,2019,2020,2019-2020,0.4056977628363957,0.5943022371636043,18,7,1,26
384,2020,2021,2020-2021,0.4275259399551854,0.5724740600448146,26,4,2,32
384,2021,2022,2021-2022,0.49242430471938814,0.5075756952806119,24,0,7,31
384,2022,2023,2022-2023,0.5724939975417062,0.42750600245829384,19,3,4,26
384,2023,2024,2023-2024,0.5936961072385645,0.4063038927614355,20,1,2,23
388,2018,2019,2018-2019,0.5917530788559338,0.40824692114406624,8,3,1,12
388,2019,2020,2019-2020,0.15807134920658894,0.8419286507934111,6,2,5,13
388,2020,2021,2020-2021,0.20899883671258734,0.7910011632874127,7,2,2,11
388,2021,2022,2021-2022,0.3837009074901029,0.6162990925098971,6,7,3,16
388,2022,2023,2022-2023,0.6123575024920047,0.3876424975079953,10,1,3,14
388,2023,2024,2023-2024,0.6500618741192576,0.34993812588074236,11,4,0,15
392,2018,2019,2018-2019,0.9641005364367865,0.035899463563213496,54,0,0,54
392,2019,2020,2019-2020,0.8832995141712372,0.1167004858287628,53,0,0,53
392,2020,2021,2020-2021,0.9069653213744261,0.09303467862557391,54,0,0,54
392,2021,2022,2021-2022,0.9380717435056269,0.06192825649437306,52,0,0,52
392,2022,2023,2022-2023,0.9196983986447715,0.08030160135522846,51,0,0,51
392,2023,2024,2023-2024,0.939990529589171,0.06000947041082905,48,0,0,48
398,2018,2019,2018-2019,0.8407624518892955,0.15923754811070445,33,0,0,33
398,2019,2020,2019-2020,0.8233556972542869,0.17664430274571308,36,1,0,37
398,2020,2021,2020-2021,0.834748147460157,0.16525185253984298,40,0,0,40
398,2021,2022,2021-2022,0.836939860272085,0.163060139727915,37,0,0,37
398,2022,2023,2022-2023,0.8934945772141977,0.10650542278580233,37,0,0,37
398,2023,2024,2023-2024,0.8640421320896184,0.13595786791038156,42,0,0,42
400,2018,2019,2018-2019,0.6413705918166188,0.3586294081833812,26,4,0,30
400,2019,2020,2019-2020,0.6388925219236296,0.36110747807637045,31,12,1,44
400,2020,2021,2020-2021,0.7020808665164653,0.2979191334835347,34,1,9,44
400,2021,2022,2021-2022,0.8049416112191109,0.1950583887808891,30,1,0,31
400,2022,2023,2022-2023,0.7122259613056995,0.2877740386943005,30,2,2,34
400,2023,2024,2023-2024,0.8237533159415839,0.17624668405841615,34,3,0,37
404,2018,2019,2018-2019,0.5467546008029747,0.45324539919702533,30,2,4,36
404,2019,2020,2019-2020,0.6646632178004606,0.33533678219953944,29,4,2,35
404,2020,2021,2020-2021,0.47321543053479787,0.5267845694652021,27,2,4,33
404,2021,2022,2021-2022,0.7083525646136131,0.29164743538638693,27,3,2,32
404,2022,2023,2022-2023,0.5927379537923279,0.40726204620767215,31,0,2,33
404,2023,2024,2023-2024,0.7295286646401163,0.27047133535988366,30,1,1,32
414,2018,2019,2018-2019,0.8379711078604127,0.16202889213958727,29,0,0,29
414,2019,2020,2019-2020,0.9342728163231923,0.06572718367680774,28,0,1,29
414,2020,2021,2020-2021,0.7743542812667813,0.2256457187332187,33,1,0,34
414,2021,2022,2021-2022,0.7568658164708694,0.24313418352913063,35,0,1,36
414,2022,2023,2022-2023,0.7858795599079169,0.2141204400920831,35,0,0,35
414,2023,2024,2023-2024,0.6061607831933489,0.3938392168066511,35,0,0,35
417,2018,2019,2018-2019,0.7659744626359735,0.23402553736402654,33,8,1,42
417,2019,2020,2019-2020,0.8335261648985433,0.16647383510145675,33,4,7,44
417,2020,2021,2020-2021,0.8451092587822623,0.15489074121773772,32,4,3,39
417,2021,2022,2021-2022,0.8979177655811191,0.10208223441888087,33,2,0,35
417,2022,2023,2022-2023,0.8166343769426088,0.18336562305739124,34,2,1,37
417,2023,2024,2023-2024,0.7973217221395335,0.20267827786046655,40,1,1,42
418,2018,2019,2018-2019,0.6114100015665964,0.3885899984334036,35,1,6,42
418,2019,2020,2019-2020,0.6585690065069056,0.34143099349309436,30,4,2,36
418,2020,2021,2020-2021,0.7766864376132547,0.22331356238674527,27,1,5,33
418,2021,2022,2021-2022,0.7405719907447407,0.25942800925525933,28,5,1,34
418,2022,2023,2022-2023,0.7640289337352053,0.2359710662647947,30,2,3,35
418,2023,2024,2023-2024,0.8911739810673923,0.10882601893260768,29,4,2,35
422,2018,2019,2018-2019,0.6472107049819077,0.3527892950180923,29,0,1,30
422,2019,2020,2019-2020,0.6353809088799861,0.3646190911200139,32,1,2,35
422,2020,2021,2020-2021,0.6752309871280349,0.32476901287196513,30,1,1,32
422,2021,2022,2021-2022,0.5373989808732347,0.4626010191267653,29,3,0,32
422,2022,2023,2022-2023,0.6265852031961494,0.3734147968038506,33,2,2,37
422,2023,2024,2023-2024,0.7283839460471795,0.2716160539528205,37,2,0,39
426,2018,2019,2018-2019,0.0,1.0,0,1,3,4
426,2019,2020,2019-2020,1.0,0.0,1,0,0,1
426,2020,2021,2020-2021,0.0,1.0,0,1,1,2
426,2021,2023,2021-2023,0.0,1.0,0,1,1,2
426,2023,2024,2023-2024,0.0,1.0,0,1,1,2
428,2018,2019,2018-2019,0.609939534110185,0.390060465889815,25,2,0,27
428,2019,2020,2019-2020,0.5575196585078743,0.4424803414921257,33,9,0,42
428,2020,2021,2020-2021,0.6238337875785203,0.37616621242147974,42,4,3,49
428,2021,2022,2021-2022,0.6082227864866458,0.39177721351335415,44,1,3,48
428,2022,2023,2022-2023,0.3945665569429413,0.6054334430570587,39,3,2,44
428,2023,2024,2023-2024,0.3775187560213725,0.6224812439786275,34,1,3,38
430,2018,2019,2018-2019,0.29481300806237865,0.7051869919376214,8,9,7,24
430,2019,2020,2019-2020,0.2574911201554527,0.7425088798445473,12,17,5,34
430,2020,2021,2020-2021,0.5501280516480458,0.4498719483519542,14,4,15,33
430,2021,2022,2021-2022,0.28512493677938433,0.7148750632206157,11,5,6,22
430,2022,2023,2022-2023,0.4789709938630702,0.5210290061369298,11,5,5,21
430,2023,2024,2023-2024,0.3737682378594276,0.6262317621405724,9,2,6,17
434,2018,2019,2018-2019,0.3320951148594773,0.6679048851405227,29,3,2,34
434,2019,2020,2019-2020,0.5977598278128933,0.4022401721871067,23,3,8,34
434,2020,2021,2020-2021,0.47645819036565906,0.5235418096343409,24,11,2,37
434,2021,2022,2021-2022,0.695912118953486,0.30408788104651396,30,6,6,42
434,2022,2023,2022-2023,0.38001909690997215,0.6199809030900278,27,2,10,39
434,2023,2024,2023-2024,0.7108302624804652,0.2891697375195348,24,0,3,27
440,2018,2019,2018-2019,0.7648323611717139,0.23516763882828606,29,2,2,33
440,2019,2020,2019-2020,0.7175421241100799,0.2824578758899201,31,1,0,32
440,2020,2021,2020-2021,0.7645327966999192,0.23546720330008075,32,0,0,32
440,2021,2022,2021-2022,0.633168403830431,0.36683159616956895,33,0,2,35
440,2022,2023,2022-2023,0.8417871972983321,0.15821280270166793,38,1,0,39
440,2023,2024,2023-2024,0.8074847150228263,0.19251528497717374,37,2,0,39
442,2018,2019,2018-2019,0.7384985840869562,0.26150141591304377,15,1,3,19
442,2019,2020,2019-2020,0.18411881514199524,0.8158811848580048,19,5,0,24
442,2020,2021,2020-2021,0.30095370325301185,0.6990462967469881,25,1,2,28
442,2021,2022,2021-2022,0.46368758914348795,0.536312410856512,19,0,4,23
442,2022,2023,2022-2023,0.5024788702167425,0.49752112978325747,21,3,0,24
442,2023,2024,2023-2024,0.7309175653633745,0.2690824346366255,21,1,1,23
446,2018,2019,2018-2019,0.8025606441817228,0.1974393558182772,40,1,1,42
446,2019,2020,2019-2020,0.6030357783258067,0.3969642216741933,40,2,2,44
446,2020,2021,2020-2021,0.20982494571483112,0.7901750542851689,37,0,1,38
446,2021,2022,2021-2022,0.8484075847036456,0.15159241529635437,32,1,0,33
446,2022,2023,2022-2023,0.3050640039276823,0.6949359960723177,39,1,1,41
446,2023,2024,2023-2024,0.7708167132058129,0.2291832867941871,41,1,1,43
450,2018,2019,2018-2019,0.7111495266249614,0.28885047337503855,16,5,5,26
450,2019,2020,2019-2020,0.47132777449473806,0.5286722255052619,17,5,4,26
450,2020,2021,2020-2021,0.5439110099777806,0.45608899002221936,19,1,3,23
450,2021,2022,2021-2022,0.6482908934899662,0.35170910651003384,10,2,7,19
450,2022,2023,2022-2023,0.45502890116990236,0.5449710988300976,11,7,2,20
450,2023,2024,2023-2024,0.42213073390024325,0.5778692660997568,19,7,3,29
454,2018,2019,2018-2019,0.5976178022111664,0.40238219778883355,4,2,3,9
454,2019,2020,2019-2020,0.39346064066019226,0.6065393593398077,3,8,3,14
454,2020,2021,2020-2021,0.3908667569199875,0.6091332430800125,9,4,3,16
454,2021,2022,2021-2022,0.5381768093514786,0.4618231906485214,8,3,5,16
454,2022,2023,2022-2023,0.7422627162479972,0.2577372837520028,6,0,4,10
454,2023,2024,2023-2024,0.761832347231211,0.23816765276878904,6,3,1,10
458,2018,2019,2018-2019,0.7902132555998234,0.20978674440017664,44,0,0,44
458,2019,2020,2019-2020,0.7488456409064729,0.2511543590935271,41,0,0,41
458,2020,2021,2020-2021,0.7205437465196814,0.27945625348031855,40,0,0,40
458,2021,2022,2021-2022,0.871442427257296,0.12855757274270396,39,0,0,39
458,2022,2023,2022-2023,0.834687220709908,0.16531277929009203,47,0,0,47
458,2023,2024,2023-2024,0.884292902757326,0.11570709724267403,47,0,0,47
462,2018,2019,2018-2019,0.5349033507011252,0.46509664929887484,19,3,0,22
462,2019,2020,2019-2020,0.6564321132115398,0.3435678867884602,17,1,5,23
462,2020,2021,2020-2021,0.7781655108882287,0.22183448911177128,12,2,4,18
462,2021,2022,2021-2022,0.9417365491867671,0.05826345081323292,12,2,1,15
462,2022,2023,2022-2023,0.7170154108104208,0.28298458918957925,15,5,1,21
462,2023,2024,2023-2024,0.747317661324101,0.25268233867589895,19,1,3,23
466,2018,2019,2018-2019,0.5530225609350035,0.44697743906499654,6,3,2,11
466,2019,2020,2019-2020,0.7194151531110762,0.2805848468889238,5,0,3,8
466,2020,2021,2020-2021,0.9301931406790026,0.0698068593209974,3,2,2,7
466,2021,2022,2021-2022,0.8666653585693687,0.13333464143063134,4,3,1,8
466,2022,2023,2022-2023,0.905902435691605,0.094097564308395,6,0,1,7
466,2023,2024,2023-2024,0.838529197238663,0.16147080276133696,4,0,2,6
470,2018,2019,2018-2019,0.8464575011837405,0.15354249881625948,20,1,2,23
470,2019,2020,2019-2020,0.8279565623253149,0.1720434376746851,20,1,1,22
470,2020,2021,2020-2021,0.7952297723335418,0.20477022766645825,21,0,0,21
470,2021,2022,2021-2022,0.8890649884610673,0.1109350115389327,20,0,2,22
470,2022,2023,2022-2023,0.7277710383270994,0.27222896167290056,19,0,1,20
470,2023,2024,2023-2024,0.8701822785039897,0.12981772149601034,19,2,0,21
478,2018,2019,2018-2019,0.08093208954842923,0.9190679104515708,6,3,2,11
478,2019,2020,2019-2020,0.27333817236990166,0.7266618276300983,5,2,4,11
478,2020,2021,2020-2021,0.6095813447111414,0.39041865528885855,4,0,3,7
478,2021,2022,2021-2022,0.16055624415025982,0.8394437558497402,3,1,1,5
478,2022,2023,2022-2023,0.2088265300211184,0.7911734699788816,4,3,0,7
478,2023,2024,2023-2024,0.6549062662314407,0.34509373376855934,5,3,2,10
480,2018,2019,2018-2019,0.6399713208894713,0.3600286791105287,26,2,0,28
480,2019,2020,2019-2020,0.7668703392322394,0.23312966076776065,22,1,6,29
480,2020,2021,2020-2021,0.783535365473113,0.21646463452688702,21,1,1,23
480,2021,2022,2021-2022,0.842172774197123,0.157827225802877,23,1,1,25
480,2022,2023,2022-2023,0.8829965945862285,0.11700340541377152,24,2,1,27
480,2023,2024,2023-2024,0.8363652592465505,0.16363474075344953,24,0,0,24
484,2018,2019,2018-2019,0.9113791525720122,0.08862084742798781,36,1,0,37
484,2019,2020,2019-2020,0.9141206650151246,0.08587933498487543,37,0,0,37
484,2020,2021,2020-2021,0.886657302325805,0.11334269767419503,35,0,0,35
484,2021,2022,2021-2022,0.9094332349580503,0.09056676504194971,37,0,0,37
484,2022,2023,2022-2023,0.8941218236619345,0.10587817633806551,41,0,0,41
484,2023,2024,2023-2024,0.8787455958284272,0.12125440417157285,38,0,0,38
490,2018,2019,2018-2019,0.9045719461338946,0.09542805386610542,51,0,0,51
490,2019,2020,2019-2020,0.810676683938962,0.18932331606103803,50,0,0,50
490,2020,2021,2020-2021,0.8537673699438095,0.14623263005619047,49,0,0,49
490,2021,2022,2021-2022,0.9083719490164026,0.09162805098359739,48,0,0,48
490,2022,2023,2022-2023,0.84820583930766,0.15179416069233997,49,0,0,49
490,2023,2024,2023-2024,0.8899707312382289,0.1100292687617711,50,0,0,50
496,2018,2019,2018-2019,0.8673757188375181,0.13262428116248193,55,0,1,56
496,2019,2020,2019-2020,0.8895616231790855,0.11043837682091451,55,0,0,55
496,2020,2021,2020-2021,0.8706181400929561,0.12938185990704387,51,1,0,52
496,2021,2022,2021-2022,0.8635177680797678,0.13648223192023223,54,1,0,55
496,2022,2023,2022-2023,0.8813964883071701,0.1186035116928299,54,0,0,54
496,2023,2024,2023-2024,0.8487608317198765,0.15123916828012351,56,0,0,56
498,2018,2019,2018-2019,0.5898318523928591,0.41016814760714093,12,5,3,20
498,2019,2020,2019-2020,0.6691872003058543,0.3308127996941457,13,1,2,16
498,2020,2021,2020-2021,0.7017729641492247,0.29822703585077526,16,3,0,19
498,2021,2022,2021-2022,0.7488165493746588,0.2511834506253412,19,0,1,20
498,2022,2023,2022-2023,0.8709709450487315,0.12902905495126848,18,1,0,19
498,2023,2024,2023-2024,0.885897350986074,0.11410264901392597,20,1,1,22
499,2018,2019,2018-2019,0.5350769932630743,0.46492300673692566,5,4,2,11
499,2019,2020,2019-2020,0.8262439346256619,0.17375606537433808,8,5,1,14
499,2020,2021,2020-2021,0.590428083013562,0.409571916986438,7,3,5,15
499,2021,2022,2021-2022,0.6727140742623208,0.32728592573767923,9,5,1,15
499,2022,2023,2022-2023,0.8285973815624806,0.17140261843751936,12,5,2,19
499,2023,2024,2023-2024,0.7700263455133557,0.2299736544866443,13,0,5,18
500,2019,2023,2019-2023,1.0,0.0,1,0,0,1
504,2018,2019,2018-2019,0.6449911368852457,0.3550088631147543,29,5,2,36
504,2019,2020,2019-2020,0.5277969743728397,0.4722030256271603,31,0,2,33
504,2020,2021,2020-2021,0.6594402243618657,0.34055977563813433,25,0,0,25
504,2021,2022,2021-2022,0.7501486962714803,0.2498513037285197,23,0,2,25
504,2022,2023,2022-2023,0.7246228161334224,0.2753771838665776,25,4,0,29
504,2023,2024,2023-2024,0.5963085680545765,0.40369143194542345,27,0,2,29
508,2018,2019,2018-2019,0.8315209603460649,0.16847903965393507,11,1,3,15
508,2019,2020,2019-2020,0.4025323685297807,0.5974676314702193,12,4,1,17
508,2020,2021,2020-2021,0.46234548939212383,0.5376545106078762,15,2,1,18
508,2021,2022,2021-2022,0.9016196995486108,0.09838030045138924,13,2,1,16
508,2022,2023,2022-2023,0.574660091754611,0.42533990824538903,19,3,0,22
508,2023,2024,2023-2024,0.5288149958666049,0.47118500413339515,19,2,4,25
512,2018,2019,2018-2019,0.7225593506251188,0.2774406493748812,21,1,1,23
512,2019,2020,2019-2020,0.8047942544360918,0.19520574556390824,22,2,0,24
512,2020,2021,2020-2021,0.7172329644480767,0.2827670355519233,24,3,1,28
512,2021,2022,2021-2022,0.7956571369063772,0.20434286309362282,29,2,2,33
512,2022,2023,2022-2023,0.7532077708090598,0.24679222919094024,31,3,3,37
512,2023,2024,2023-2024,0.5276256300170397,0.47237436998296034,29,0,3,32
516,2018,2019,2018-2019,0.26636991254178977,0.7336300874582102,7,3,1,11
516,2019,2020,2019-2020,0.18624081247576685,0.8137591875242332,7,1,3,11
516,2020,2021,2020-2021,0.45806778155271055,0.5419322184472894,7,6,1,14
516,2021,2022,2021-2022,0.07793971566487279,0.9220602843351272,7,3,6,16
516,2022,2023,2022-2023,0.24791168720541967,0.7520883127945803,7,9,3,19
516,2023,2024,2023-2024,0.59986819598228,0.40013180401771997,13,3,3,19
520,2018,2019,2018-2019,0.012833024424703798,0.9871669755752962,1,1,0,2
520,2019,2020,2019-2020,0.012833024424703798,0.9871669755752962,1,0,1,2
520,2020,2021,2020-2021,0.006205325356609337,0.9937946746433907,1,3,0,4
520,2021,2022,2021-2022,0.6903792519099806,0.3096207480900194,3,0,1,4
520,2022,2023,2022-2023,0.8603770173273315,0.13962298267266848,3,0,0,3
520,2023,2024,2023-2024,0.9569596272990031,0.04304037270099692,2,0,1,3
524,2018,2019,2018-2019,0.6410683432254707,0.3589316567745293,33,8,5,46
524,2019,2020,2019-2020,0.550637696535152,0.44936230346484796,32,1,9,42
524,2020,2021,2020-2021,0.70993685838649,0.29006314161351,27,5,3,35
524,2021,2022,2021-2022,0.7265455560186183,0.27345444398138175,31,5,1,37
524,2022,2023,2022-2023,0.8239878876093903,0.17601211239060965,34,3,0,37
524,2023,2024,2023-2024,0.7271441302745081,0.2728558697254919,34,2,4,40
528,2018,2019,2018-2019,0.6537233630635265,0.3462766369364735,33,0,0,33
528,2019,2020,2019-2020,0.8352219313297171,0.16477806867028288,33,0,0,33
528,2020,2021,2020-2021,0.85245098426908,0.14754901573092005,36,0,0,36
528,2021,2022,2021-2022,0.7358469473276243,0.26415305267237565,35,0,0,35
528,2022,2023,2022-2023,0.7590967386448638,0.24090326135513618,33,0,0,33
528,2023,2024,2023-2024,0.7645392645187098,0.2354607354812902,33,0,0,33
531,2018,2019,2018-2019,0.006073614298162111,0.9939263857018379,2,2,3,7
531,2019,2020,2019-2020,0.018445881632045524,0.9815541183679545,3,2,1,6
531,2020,2021,2020-2021,0.06947071653171255,0.9305292834682874,1,5,4,10
531,2021,2022,2021-2022,0.0,1.0,0,5,6,11
531,2022,2023,2022-2023,0.009796210047515075,0.9902037899524849,4,3,1,8
531,2023,2024,2023-2024,0.09574048862685414,0.9042595113731459,7,3,1,11
533,2018,2019,2018-2019,0.8672840332783633,0.13271596672163666,2,1,1,4
533,2019,2020,2019-2020,0.011217482194511796,0.9887825178054882,1,5,2,8
533,2020,2021,2020-2021,0.05066121110597943,0.9493387888940206,3,5,3,11
533,2021,2022,2021-2022,0.15480361319731717,0.8451963868026828,5,1,3,9
533,2022,2023,2022-2023,0.012217161759686457,0.9877828382403135,4,5,2,11
533,2023,2024,2023-2024,0.009518630273353201,0.9904813697266468,5,2,5,12
534,2020,2022,2020-2022,1.1102230246251565e-16,0.9999999999999999,0,2,1,3
534,2022,2023,2022-2023,0.38051168583723693,0.6194883141627631,1,0,1,2
534,2023,2024,2023-2024,1.0,0.0,1,0,0,1
540,2018,2019,2018-2019,0.6988739225973848,0.3011260774026152,8,3,3,14
540,2019,2020,2019-2020,0.708548836973105,0.291451163026895,11,4,1,16
540,2020,2021,2020-2021,0.7483585253851539,0.2516414746148461,13,9,3,25
540,2021,2022,2021-2022,0.26045306283413894,0.7395469371658611,15,2,7,24
540,2022,2023,2022-2023,0.1833757290004464,0.8166242709995536,16,1,1,18
540,2023,2024,2023-2024,0.39240147385517987,0.6075985261448201,17,5,3,25
548,2018,2019,2018-2019,0.5827725990131936,0.41722740098680644,12,4,4,20
548,2019,2020,2019-2020,0.3121128132976556,0.6878871867023444,14,7,3,24
548,2020,2021,2020-2021,0.2015719345514444,0.7984280654485556,14,3,6,23
548,2021,2022,2021-2022,0.5273875911103066,0.47261240888969336,14,16,2,32
548,2022,2023,2022-2023,0.6133479276080536,0.38665207239194643,27,8,3,38
548,2023,2024,2023-2024,0.40152185635096105,0.598478143649039,32,3,4,39
554,2018,2019,2018-2019,0.8572659288652579,0.14273407113474212,41,0,0,41
554,2019,2020,2019-2020,0.9011615568857564,0.09883844311424361,38,0,0,38
554,2020,2021,2020-2021,0.8481437504168517,0.15185624958314825,38,0,0,38
554,2021,2022,2021-2022,0.8984204253207616,0.1015795746792384,39,0,0,39
554,2022,2023,2022-2023,0.9295200342211196,0.07047996577888038,39,0,0,39
554,2023,2024,2023-2024,0.9286995527976389,0.07130044720236106,38,0,0,38
558,2018,2019,2018-2019,0.8201039271093064,0.17989607289069365,22,1,1,24
558,2019,2020,2019-2020,0.7921379309196994,0.20786206908030058,18,2,5,25
558,2020,2021,2020-2021,0.8626623292531438,0.1373376707468562,19,3,3,25
558,2021,2022,2021-2022,0.8263884154575889,0.1736115845424111,22,4,1,27
558,2022,2023,2022-2023,0.7766487539141049,0.22335124608589507,20,1,4,25
558,2023,2024,2023-2024,0.6531322973489828,0.3468677026510172,23,0,0,23
562,2018,2019,2018-2019,0.7212213232140551,0.2787786767859449,1,2,2,5
562,2019,2020,2019-2020,0.5065306674483321,0.4934693325516679,1,6,2,9
562,2020,2021,2020-2021,0.31348162708373906,0.6865183729162609,2,1,5,8
562,2021,2022,2021-2022,0.012539304086901293,0.9874606959130987,2,1,1,4
562,2022,2023,2022-2023,0.023495193390886793,0.9765048066091132,2,1,1,4
562,2023,2024,2023-2024,0.3333512321432761,0.6666487678567239,2,14,1,17
566,2018,2019,2018-2019,0.7765769235234812,0.22342307647651882,34,2,1,37
566,2019,2020,2019-2020,0.6678898511651661,0.3321101488348339,33,2,1,36
566,2020,2021,2020-2021,0.5797179372474109,0.42028206275258906,35,3,2,40
566,2021,2022,2021-2022,0.6710929422249525,0.3289070577750475,34,1,5,40
566,2022,2023,2022-2023,0.7265079560799754,0.2734920439200246,33,1,2,36
566,2023,2024,2023-2024,0.7975485374330213,0.20245146256697866,31,1,2,34
574,2018,2023,2018-2023,0.0,1.0,0,1,1,2
574,2023,2024,2023-2024,0.0,1.0,0,1,1,2
579,2018,2019,2018-2019,0.6708790678663958,0.32912093213360416,37,1,0,38
579,2019,2020,2019-2020,0.7146853280759811,0.28531467192401894,35,0,1,36
579,2020,2021,2020-2021,0.789356090217282,0.21064390978271796,35,1,0,36
579,2021,2022,2021-2022,0.6509520347122796,0.3490479652877204,36,0,1,37
579,2022,2023,2022-2023,0.8224940337316398,0.17750596626836024,35,0,1,36
579,2023,2024,2023-2024,0.608820420335625,0.391179579664375,37,0,0,37
580,2018,2019,2018-2019,0.7802130201857858,0.21978697981421425,17,0,0,17
580,2019,2020,2019-2020,0.7754693347211101,0.22453066527888987,19,4,1,24
580,2020,2021,2020-2021,0.7635008203665228,0.23649917963347722,23,2,1,26
580,2021,2022,2021-2022,0.8756406450410483,0.12435935495895167,23,3,1,27
580,2022,2023,2022-2023,0.8644356388691486,0.13556436113085135,28,2,0,30
580,2023,2024,2023-2024,0.917897673053351,0.08210232694664898,28,2,1,31
583,2018,2019,2018-2019,0.8202716368882803,0.1797283631117197,10,3,7,20
583,2019,2020,2019-2020,0.8010153450951997,0.19898465490480033,11,3,2,16
583,2020,2021,2020-2021,0.8388702806674102,0.1611297193325898,9,1,4,14
583,2021,2022,2021-2022,0.8523413131189024,0.14765868688109762,10,1,0,11
583,2022,2023,2022-2023,0.8881173072522208,0.11188269274777918,9,5,3,17
583,2023,2024,2023-2024,0.8236290743134029,0.17637092568659707,8,3,7,18
584,2018,2019,2018-2019,0.6555353152100949,0.3444646847899051,13,3,1,17
584,2019,2020,2019-2020,0.6172595079218379,0.3827404920781621,13,2,3,18
584,2020,2021,2020-2021,0.6271452164164645,0.3728547835835355,11,3,4,18
584,2021,2022,2021-2022,0.6826847586562416,0.31731524134375844,10,3,5,18
584,2022,2023,2022-2023,0.8156217633614541,0.1843782366385459,12,3,3,18
584,2023,2024,2023-2024,0.824845538677931,0.17515446132206902,12,5,3,20
585,2018,2019,2018-2019,0.8150113145457208,0.18498868545427916,9,5,4,18
585,2019,2020,2019-2020,0.7355739124228802,0.26442608757711983,12,9,3,24
585,2020,2021,2020-2021,0.7260460895869889,0.2739539104130111,15,4,5,24
585,2021,2022,2021-2022,0.6486374670357252,0.3513625329642748,13,8,7,28
585,2022,2023,2022-2023,0.6637657479882799,0.3362342520117201,9,1,11,21
585,2023,2024,2023-2024,0.7891099256621612,0.2108900743378388,6,5,4,15
586,2018,2019,2018-2019,0.6045938444617767,0.39540615553822334,28,1,1,30
586,2019,2020,2019-2020,0.8454242699309306,0.15457573006906944,29,2,0,31
586,2020,2021,2020-2021,0.7853135532995803,0.2146864467004197,29,0,1,30
586,2021,2022,2021-2022,0.7651812023931571,0.23481879760684288,24,0,1,25
586,2022,2023,2022-2023,0.27268638299932735,0.7273136170006727,28,2,0,30
586,2023,2024,2023-2024,0.8254201397173907,0.1745798602826093,29,0,2,31
591,2018,2019,2018-2019,0.7013878435549039,0.2986121564450961,31,2,3,36
591,2019,2020,2019-2020,0.7361118326512814,0.26388816734871856,31,3,4,38
591,2020,2021,2020-2021,0.7876033891961289,0.21239661080387107,31,1,3,35
591,2021,2022,2021-2022,0.7777564664982299,0.22224353350177006,28,1,2,31
591,2022,2023,2022-2023,0.6508767274204741,0.3491232725795259,31,1,0,32
591,2023,2024,2023-2024,0.6602435126070665,0.3397564873929335,30,1,2,33
598,2018,2019,2018-2019,0.6093197072447658,0.3906802927552342,13,7,6,26
598,2019,2020,2019-2020,0.44023626147645767,0.5597637385235423,16,7,6,29
598,2020,2021,2020-2021,0.36286756539263454,0.6371324346073655,15,3,8,26
598,2021,2022,2021-2022,0.5649541743110919,0.43504582568890815,17,2,2,21
598,2022,2023,2022-2023,0.5451265477962555,0.45487345220374453,12,4,7,23
598,2023,2024,2023-2024,0.6376254301291802,0.36237456987081984,14,10,2,26
600,2018,2019,2018-2019,0.6687847064395036,0.3312152935604964,28,1,1,30
600,2019,2020,2019-2020,0.5891189665111352,0.41088103348886484,27,2,1,30
600,2020,2021,2020-2021,0.8396234384503637,0.1603765615496363,28,0,1,29
600,2021,2022,2021-2022,0.5284480331401926,0.4715519668598074,26,1,2,29
600,2022,2023,2022-2023,0.8050099208240019,0.1949900791759981,28,3,1,32
600,2023,2024,2023-2024,0.713525516843722,0.286474483156278,31,2,1,34
604,2018,2019,2018-2019,0.5394322295162244,0.4605677704837756,32,3,0,35
604,2019,2020,2019-2020,0.8219005996791047,0.17809940032089533,33,2,3,38
604,2020,2021,2020-2021,0.8200503288075891,0.1799496711924109,35,1,0,36
604,2021,2022,2021-2022,0.7486850908020846,0.25131490919791544,39,1,0,40
604,2022,2023,2022-2023,0.7730457054539703,0.22695429454602967,38,1,2,41
604,2023,2024,2023-2024,0.8180127965112682,0.18198720348873176,36,0,0,36
608,2018,2019,2018-2019,0.8691796510383726,0.13082034896162742,46,0,0,46
608,2019,2020,2019-2020,0.8006926862058572,0.1993073137941428,46,0,1,47
608,2020,2021,2020-2021,0.8800312027053412,0.11996879729465881,44,0,0,44
608,2021,2022,2021-2022,0.8883083007199422,0.11169169928005784,42,0,0,42
608,2022,2023,2022-2023,0.815149460648125,0.184850539351875,44,0,0,44
608,2023,2024,2023-2024,0.9273094269818627,0.0726905730181373,46,0,0,46
616,2018,2019,2018-2019,0.7629307449315927,0.23706925506840726,31,1,0,32
616,2019,2020,2019-2020,0.8605507175413034,0.1394492824586966,32,0,0,32
616,2020,2021,2020-2021,0.90170619546358,0.09829380453642,34,0,0,34
616,2021,2022,2021-2022,0.7285965575028095,0.2714034424971905,36,0,0,36
616,2022,2023,2022-2023,0.7426494040960003,0.25735059590399967,31,0,0,31
616,2023,2024,2023-2024,0.8098569468603409,0.19014305313965907,30,0,0,30
620,2018,2019,2018-2019,0.8537969012940756,0.1462030987059244,24,1,0,25
620,2019,2020,2019-2020,0.8176119511621798,0.18238804883782023,25,1,0,26
620,2020,2021,2020-2021,0.8744446483100464,0.12555535168995358,26,1,0,27
620,2021,2022,2021-2022,0.7086784825413955,0.29132151745860446,27,0,1,28
620,2022,2023,2022-2023,0.64832072268365,0.35167927731634996,29,1,0,30
620,2023,2024,2023-2024,0.7299696540731738,0.2700303459268262,31,0,0,31
624,2019,2020,2019-2020,1.1102230246251565e-16,0.9999999999999999,0,1,10,11
624,2020,2021,2020-2021,0.02707858539249064,0.9729214146075094,1,2,0,3
624,2021,2022,2021-2022,0.07303095183200148,0.9269690481679985,2,1,1,4
624,2022,2023,2022-2023,0.07335746995368864,0.9266425300463114,1,1,2,4
624,2023,2024,2023-2024,0.9553356962149657,0.044664303785034276,1,0,1,2
626,2018,2019,2018-2019,0.2561537930813781,0.7438462069186219,8,7,3,18
626,2019,2020,2019-2020,0.5037933014189331,0.4962066985810669,5,6,9,20
626,2020,2021,2020-2021,0.4635074391263888,0.5364925608736112,2,0,9,11
626,2021,2022,2021-2022,0.7846088620162673,0.21539113798373266,2,9,0,11
626,2022,2023,2022-2023,0.6657192170940978,0.33428078290590224,10,8,3,21
626,2023,2024,2023-2024,0.705382480256187,0.294617519743813,12,5,6,23
634,2018,2019,2018-2019,0.707477299796506,0.292522700203494,27,1,0,28
634,2019,2020,2019-2020,0.806700193381903,0.19329980661809698,31,2,0,33
634,2020,2021,2020-2021,0.685063877986894,0.31493612201310595,31,0,1,32
634,2021,2022,2021-2022,0.6895221045369566,0.3104778954630434,28,0,0,28
634,2022,2023,2022-2023,0.799427209297767,0.200572790702233,28,0,0,28
634,2023,2024,2023-2024,0.871979800369873,0.128020199630127,31,0,0,31
642,2018,2019,2018-2019,0.7763041299151945,0.22369587008480551,28,3,0,31
642,2019,2020,2019-2020,0.3102076472433176,0.6897923527566824,28,0,4,32
642,2020,2021,2020-2021,0.3285205933955472,0.6714794066044528,26,1,2,29
642,2021,2022,2021-2022,0.6477304621487283,0.3522695378512717,30,6,0,36
642,2022,2023,2022-2023,0.6674114565561888,0.33258854344381117,38,0,2,40
642,2023,2024,2023-2024,0.7715229598145188,0.2284770401854812,35,0,0,35
643,2018,2019,2018-2019,0.8710830374313632,0.12891696256863683,39,0,0,39
643,2019,2020,2019-2020,0.8971718009176355,0.10282819908236451,39,0,0,39
643,2020,2021,2020-2021,0.8969469749171789,0.1030530250828211,39,0,0,39
643,2021,2022,2021-2022,0.8937951013955794,0.10620489860442062,43,0,0,43
643,2022,2023,2022-2023,0.8721091375661302,0.12789086243386982,45,0,0,45
643,2023,2024,2023-2024,0.8566180667453173,0.14338193325468274,46,0,0,46
646,2018,2019,2018-2019,0.5726773514974474,0.42732264850255264,9,7,4,20
646,2019,2020,2019-2020,0.7630052517059268,0.2369947482940732,15,5,2,22
646,2020,2021,2020-2021,0.3712203097876424,0.6287796902123576,14,2,4,20
646,2021,2022,2021-2022,0.3872389569839505,0.6127610430160495,12,2,4,18
646,2022,2023,2022-2023,0.7420385404240135,0.2579614595759865,8,2,5,15
646,2023,2024,2023-2024,0.5419073949504016,0.45809260504959837,9,9,2,20
652,2018,2021,2018-2021,0.0,1.0,0,1,1,2
652,2021,2022,2021-2022,0.0,1.0,0,1,1,2
652,2022,2024,2022-2024,1.1102230246251565e-16,0.9999999999999999,0,3,1,4
659,2019,2022,2019-2022,0.3576667141528602,0.6423332858471398,1,0,2,3
659,2022,2023,2022-2023,0.0,1.0,0,1,1,2
659,2023,2024,2023-2024,1.0,0.0,1,0,0,1
660,2018,2019,2018-2019,0.16045811344734406,0.8395418865526559,1,1,2,4
660,2019,2020,2019-2020,0.20622240242535872,0.7937775975746413,1,5,1,7
660,2020,2021,2020-2021,0.31353240713868447,0.6864675928613155,1,2,5,8
660,2021,2022,2021-2022,0.0,1.0,0,5,3,8
660,2022,2023,2022-2023,0.024947832040820517,0.9750521679591795,1,1,4,6
660,2023,2024,2023-2024,0.2994382660347451,0.7005617339652549,1,0,1,2
662,2018,2020,2018-2020,0.06674518496472115,0.9332548150352789,1,2,1,4
662,2020,2021,2020-2021,0.13291041618180666,0.8670895838181933,1,0,2,3
662,2021,2022,2021-2022,0.8738286529816541,0.12617134701834587,1,1,0,2
662,2022,2023,2022-2023,0.06835037538745847,0.9316496246125415,1,1,1,3
662,2023,2024,2023-2024,0.001652916809831595,0.9983470831901684,1,4,1,6
674,2018,2019,2018-2019,0.806082585701364,0.19391741429863596,1,1,1,3
674,2019,2020,2019-2020,0.9512983392328996,0.04870166076710036,1,0,1,2
674,2020,2021,2020-2021,0.5450874690829275,0.4549125309170725,1,4,0,5
674,2021,2022,2021-2022,0.42559191576772926,0.5744080842322707,3,1,2,6
674,2022,2023,2022-2023,0.9064391568672081,0.0935608431327919,4,0,0,4
674,2023,2024,2023-2024,0.6660546281571809,0.33394537184281914,3,2,1,6
678,2018,2019,2018-2019,0.8773428235567926,0.1226571764432074,1,1,3,5
678,2019,2020,2019-2020,0.8977441752999188,0.10225582470008121,1,0,1,2
678,2020,2021,2020-2021,0.0,1.0,0,1,1,2
678,2021,2022,2021-2022,0.7062595292304326,0.29374047076956744,1,1,0,2
678,2022,2023,2022-2023,0.7062595292304326,0.29374047076956744,1,0,1,2
678,2023,2024,2023-2024,0.14703731919092267,0.8529626808090773,1,3,0,4
682,2018,2019,2018-2019,0.7171603173375107,0.28283968266248927,37,0,0,37
682,2019,2020,2019-2020,0.7713275610084634,0.22867243899153655,40,0,0,40
682,2020,2021,2020-2021,0.775099386273295,0.224900613726705,40,0,0,40
682,2021,2022,2021-2022,0.8043973577156922,0.1956026422843078,42,0,0,42
682,2022,2023,2022-2023,0.7879119439050472,0.21208805609495285,43,0,0,43
682,2023,2024,2023-2024,0.7818829843361748,0.21811701566382524,40,0,0,40
686,2018,2019,2018-2019,0.74104352868248,0.25895647131752,23,5,3,31
686,2019,2020,2019-2020,0.7438917109237628,0.25610828907623717,21,1,6,28
686,2020,2021,2020-2021,0.7111764914952093,0.28882350850479066,19,7,1,27
686,2021,2022,2021-2022,0.7159890559503903,0.2840109440496097,22,0,4,26
686,2022,2023,2022-2023,0.8534696165441248,0.1465303834558752,22,0,1,23
686,2023,2024,2023-2024,0.3256959209409509,0.6743040790590491,18,2,2,22
688,2018,2019,2018-2019,0.9177344749116163,0.0822655250883837,15,0,2,17
688,2019,2020,2019-2020,0.8072404071315752,0.1927595928684248,15,3,1,19
688,2020,2021,2020-2021,0.8758773488909465,0.12412265110905352,18,3,0,21
688,2021,2022,2021-2022,0.8134197799207896,0.18658022007921038,20,0,0,20
688,2022,2023,2022-2023,0.9260852801311446,0.07391471986885545,15,0,0,15
688,2023,2024,2023-2024,0.9150762572864966,0.08492374271350345,17,0,0,17
690,2018,2019,2018-2019,0.42214187320517027,0.5778581267948297,8,4,5,17
690,2019,2020,2019-2020,0.6975840650486558,0.3024159349513442,10,5,2,17
690,2020,2021,2020-2021,0.6581155562147032,0.3418844437852968,11,3,5,19
690,2021,2022,2021-2022,0.4456816311392128,0.5543183688607872,9,3,5,17
690,2022,2023,2022-2023,0.9318697130154421,0.06813028698455792,9,4,1,14
690,2023,2024,2023-2024,0.8621866316865021,0.13781336831349789,10,1,4,15
694,2018,2019,2018-2019,0.19772330543373284,0.8022766945662672,7,5,2,14
694,2019,2020,2019-2020,0.5723069237146821,0.42769307628531794,8,4,5,17
694,2020,2021,2020-2021,0.20184781510206962,0.7981521848979304,8,5,4,17
694,2021,2022,2021-2022,0.18458858712869897,0.815411412871301,6,3,7,16
694,2022,2023,2022-2023,0.07732337747631524,0.9226766225236848,5,5,3,13
694,2023,2024,2023-2024,0.5847852089428696,0.41521479105713044,6,7,4,17
699,2018,2019,2018-2019,0.8615129568746476,0.13848704312535243,36,1,0,37
699,2019,2020,2019-2020,0.8750736787468675,0.12492632125313252,36,0,0,36
699,2020,2021,2020-2021,0.8721238920282719,0.1278761079717281,35,0,0,35
699,2021,2022,2021-2022,0.8671506992171389,0.13284930078286106,37,0,0,37
699,2022,2023,2022-2023,0.8811584306577406,0.11884156934225942,35,0,1,36
699,2023,2024,2023-2024,0.8701228421783105,0.12987715782168952,33,0,0,33
702,2018,2019,2018-2019,0.931440574434854,0.06855942556514605,41,0,0,41
702,2019,2020,2019-2020,0.8336764976769719,0.16632350232302806,41,0,0,41
702,2020,2021,2020-2021,0.8670042163101181,0.13299578368988185,42,0,0,42
702,2021,2022,2021-2022,0.9393540333328968,0.0606459666671032,38,0,0,38
702,2022,2023,2022-2023,0.8798357326008169,0.12016426739918307,42,0,0,42
702,2023,2024,2023-2024,0.9104175309408301,0.08958246905916989,43,0,0,43
703,2018,2019,2018-2019,0.8826931635310287,0.11730683646897133,27,0,0,27
703,2019,2020,2019-2020,0.7975686420535125,0.20243135794648748,29,0,1,30
703,2020,2021,2020-2021,0.8680650645778518,0.13193493542214818,28,1,0,29
703,2021,2022,2021-2022,0.8973462137103057,0.10265378628969435,27,0,0,27
703,2022,2023,2022-2023,0.8940102722948304,0.10598972770516957,26,0,0,26
703,2023,2024,2023-2024,0.8973367131420094,0.10266328685799064,25,1,0,26
704,2018,2019,2018-2019,0.9196684526658814,0.08033154733411862,49,0,0,49
704,2019,2020,2019-2020,0.8496131799578844,0.15038682004211557,48,0,0,48
704,2020,2021,2020-2021,0.9047706310841774,0.09522936891582257,49,0,0,49
704,2021,2022,2021-2022,0.8783579622128282,0.12164203778717175,48,0,0,48
704,2022,2023,2022-2023,0.8487081783306033,0.1512918216693967,47,0,0,47
704,2023,2024,2023-2024,0.9226616022660195,0.07733839773398055,48,0,0,48
705,2018,2019,2018-2019,0.751932498530798,0.24806750146920198,22,4,0,26
705,2019,2020,2019-2020,0.28573513642846815,0.7142648635715318,24,1,2,27
705,2020,2021,2020-2021,0.2733441240709743,0.7266558759290257,23,1,1,25
705,2021,2022,2021-2022,0.55647341167596,0.44352658832404,27,1,0,28
705,2022,2023,2022-2023,0.7810327612529704,0.2189672387470296,29,0,0,29
705,2023,2024,2023-2024,0.8086107279132748,0.19138927208672518,26,0,0,26
706,2018,2019,2018-2019,0.6263543280845749,0.3736456719154251,2,2,4,8
706,2019,2020,2019-2020,0.00043882618084067904,0.9995611738191593,1,1,3,5
706,2020,2021,2020-2021,0.9164447153917147,0.08355528460828532,2,2,0,4
706,2021,2022,2021-2022,0.9422891163552195,0.0577108836447805,4,2,1,7
706,2022,2023,2022-2023,0.009348288607930577,0.9906517113920694,7,4,2,13
706,2023,2024,2023-2024,0.5338459480411928,0.4661540519588072,7,0,4,11
710,2018,2019,2018-2019,0.8034763902632294,0.19652360973677063,36,0,0,36
710,2019,2020,2019-2020,0.7872070658735678,0.2127929341264322,34,1,2,37
710,2020,2021,2020-2021,0.780187823737972,0.21981217626202798,34,1,0,35
710,2021,2022,2021-2022,0.852557201054891,0.14744279894510903,34,0,0,34
710,2022,2023,2022-2023,0.6056478995559518,0.3943521004440482,31,2,1,34
710,2023,2024,2023-2024,0.6108619629803548,0.3891380370196452,38,1,2,41
716,2018,2019,2018-2019,0.21521314907028744,0.7847868509297126,6,5,1,12
716,2019,2020,2019-2020,0.7237306444857605,0.2762693555142395,6,3,5,14
716,2020,2021,2020-2021,0.7604206401137422,0.23957935988625778,6,2,3,11
716,2021,2022,2021-2022,0.13295708381014237,0.8670429161898576,6,4,3,13
716,2022,2023,2022-2023,0.29783636903478083,0.7021636309652192,5,5,5,15
716,2023,2024,2023-2024,0.1263146284795268,0.8736853715204732,7,9,3,19
724,2018,2019,2018-2019,0.8525543564238435,0.14744564357615653,39,0,0,39
724,2019,2020,2019-2020,0.7977692252376907,0.20223077476230933,40,0,2,42
724,2020,2021,2020-2021,0.8540691333631927,0.14593086663680732,40,0,0,40
724,2021,2022,2021-2022,0.8998667423075575,0.10013325769244252,39,1,0,40
724,2022,2023,2022-2023,0.8747208423602997,0.12527915763970032,40,0,0,40
724,2023,2024,2023-2024,0.8973499359892069,0.10265006401079313,42,0,0,42
728,2018,2019,2018-2019,0.8623525518861652,0.13764744811383478,1,1,0,2
728,2019,2020,2019-2020,0.5605162405842178,0.4394837594157822,1,3,1,5
728,2020,2021,2020-2021,0.6420262762745312,0.35797372372546876,4,1,1,6
728,2021,2022,2021-2022,0.5165799687973682,0.4834200312026318,2,0,3,5
728,2022,2023,2022-2023,0.0006826339679543159,0.9993173660320457,1,1,1,3
728,2023,2024,2023-2024,0.0001448413558317041,0.9998551586441683,1,1,1,3
729,2018,2019,2018-2019,0.6108385758870818,0.3891614241129182,19,2,3,24
729,2019,2020,2019-2020,0.5640096556131367,0.43599034438686335,15,2,6,23
729,2020,2021,2020-2021,0.6575312403795561,0.3424687596204439,15,4,3,22
729,2021,2022,2021-2022,0.19668945380690683,0.8033105461930932,18,9,3,30
729,2022,2023,2022-2023,0.23261355912672665,0.7673864408732733,13,3,13,29
729,2023,2024,2023-2024,0.3403006975209274,0.6596993024790726,9,13,7,29
740,2018,2019,2018-2019,0.8320982945002708,0.16790170549972916,4,0,1,5
740,2019,2020,2019-2020,0.9319091311986895,0.06809086880131054,4,4,0,8
740,2020,2021,2020-2021,0.9038223847519655,0.09617761524803448,7,2,1,10
740,2021,2022,2021-2022,0.5417874085798166,0.45821259142018345,5,0,4,9
740,2022,2023,2022-2023,0.9084014037529661,0.09159859624703393,5,3,0,8
740,2023,2024,2023-2024,0.8700990595088602,0.12990094049113976,7,2,1,10
748,2018,2019,2018-2019,0.09420927317606731,0.9057907268239327,9,7,3,19
748,2019,2020,2019-2020,0.7017300346435562,0.2982699653564438,12,7,4,23
748,2020,2021,2020-2021,0.1035106627492911,0.8964893372507089,13,3,6,22
748,2021,2022,2021-2022,0.8070355327360991,0.19296446726390093,8,0,4,12
748,2022,2023,2022-2023,0.060830803844656334,0.9391691961553437,6,14,4,24
748,2023,2024,2023-2024,0.04384371414360089,0.9561562858563991,13,6,7,26
752,2018,2019,2018-2019,0.8015543664948104,0.19844563350518962,35,2,0,37
752,2019,2020,2019-2020,0.8242687863260141,0.17573121367398592,36,0,0,36
752,2020,2021,2020-2021,0.7476959399455925,0.25230406005440753,32,0,0,32
752,2021,2022,2021-2022,0.8259399744304567,0.17406002556954325,30,0,0,30
752,2022,2023,2022-2023,0.7405233013569098,0.2594766986430902,32,1,0,33
752,2023,2024,2023-2024,0.8890360572634749,0.1109639427365251,32,1,1,34
757,2018,2019,2018-2019,0.8336759054825208,0.1663240945174792,40,0,0,40
757,2019,2020,2019-2020,0.8070656921238617,0.1929343078761383,38,0,0,38
757,2020,2021,2020-2021,0.6576351227655748,0.3423648772344252,39,0,0,39
757,2021,2022,2021-2022,0.8171125287940693,0.18288747120593074,40,0,1,41
757,2022,2023,2022-2023,0.8518782911348426,0.1481217088651574,43,0,0,43
757,2023,2024,2023-2024,0.8120368910395037,0.18796310896049628,48,0,0,48
760,2018,2019,2018-2019,0.7684519112337345,0.23154808876626554,16,0,1,17
760,2019,2020,2019-2020,0.6565891882301936,0.34341081176980637,12,0,1,13
760,2020,2021,2020-2021,0.7541845242463387,0.24581547575366125,9,1,1,11
760,2021,2022,2021-2022,0.33745695391118624,0.6625430460888138,11,2,1,14
760,2022,2023,2022-2023,0.7048958702345302,0.29510412976546985,9,2,4,15
760,2023,2024,2023-2024,0.37411933573592604,0.625880664264074,7,1,4,12
762,2018,2019,2018-2019,0.5783502620737706,0.4216497379262294,11,7,1,19
762,2019,2020,2019-2020,0.7127571417051695,0.28724285829483054,14,12,4,30
762,2020,2021,2020-2021,0.6796162783459463,0.3203837216540537,18,4,8,30
762,2021,2022,2021-2022,0.598233283100743,0.401766716899257,16,2,7,25
762,2022,2023,2022-2023,0.6751980145297771,0.3248019854702229,15,10,2,27
762,2023,2024,2023-2024,0.7098036641309907,0.2901963358690093,20,1,4,25
764,2018,2019,2018-2019,0.7815736468537782,0.21842635314622183,48,0,0,48
764,2019,2020,2019-2020,0.9012249090182111,0.09877509098178894,50,0,0,50
764,2020,2021,2020-2021,0.9007824629903451,0.09921753700965485,49,0,0,49
764,2021,2022,2021-2022,0.9268460709824365,0.07315392901756346,49,0,0,49
764,2022,2023,2022-2023,0.7975683138306957,0.2024316861693043,50,0,0,50
764,2023,2024,2023-2024,0.8987352400522012,0.10126475994779882,47,0,0,47
768,2018,2019,2018-2019,0.5750338120945133,0.4249661879054867,14,3,3,20
768,2019,2020,2019-2020,0.17484623229827856,0.8251537677017214,13,7,4,24
768,2020,2021,2020-2021,0.6804795715118939,0.31952042848810613,15,5,6,26
768,2021,2022,2021-2022,0.7486319378810099,0.2513680621189901,13,0,5,18
768,2022,2023,2022-2023,0.9244438596724694,0.07555614032753055,12,3,0,15
768,2023,2024,2023-2024,0.8133181205708127,0.18668187942918735,10,1,2,13
772,2021,2024,2021-2024,0.0,1.0,0,1,1,2
776,2018,2019,2018-2019,0.5063472622694944,0.49365273773050555,2,1,0,3
776,2019,2020,2019-2020,0.5838246095192074,0.41617539048079255,2,2,1,5
776,2020,2021,2020-2021,0.22698006516631553,0.7730199348336845,1,0,3,4
776,2021,2022,2021-2022,0.19021199123181665,0.8097880087681834,1,3,0,4
776,2022,2023,2022-2023,0.23694388358963459,0.7630561164103654,3,1,1,5
776,2023,2024,2023-2024,0.39897004995596996,0.60102995004403,2,4,2,8
780,2018,2019,2018-2019,0.39099070627703236,0.6090092937229676,12,2,2,16
780,2019,2020,2019-2020,0.5058879388897761,0.4941120611102239,13,2,1,16
780,2020,2021,2020-2021,0.34207452874934063,0.6579254712506594,12,2,2,16
780,2021,2022,2021-2022,0.8209258227885361,0.1790741772114639,11,3,4,18
780,2022,2023,2022-2023,0.7444473766990858,0.2555526233009142,12,5,1,18
780,2023,2024,2023-2024,0.7849082550429264,0.21509174495707362,15,2,4,21
784,2018,2019,2018-2019,0.8949088514572159,0.10509114854278412,43,0,0,43
784,2019,2020,2019-2020,0.7824491614632528,0.21755083853674717,43,0,0,43
784,2020,2021,2020-2021,0.6405113045639264,0.35948869543607365,42,1,0,43
784,2021,2022,2021-2022,0.793592675723363,0.206407324276637,48,0,1,49
784,2022,2023,2022-2023,0.8542841014040978,0.14571589859590217,54,0,0,54
784,2023,2024,2023-2024,0.8429005168992498,0.15709948310075017,51,0,0,51
788,2018,2019,2018-2019,0.7982791775640107,0.20172082243598932,18,0,1,19
788,2019,2020,2019-2020,0.8287769741805918,0.17122302581940818,22,3,0,25
788,2020,2021,2020-2021,0.8344878220881633,0.1655121779118367,23,3,2,28
788,2021,2022,2021-2022,0.7624482832244374,0.23755171677556264,19,0,4,23
788,2022,2023,2022-2023,0.8626997641874372,0.1373002358125628,19,1,0,20
788,2023,2024,2023-2024,0.9067990619416679,0.09320093805833207,18,0,0,18
792,2018,2019,2018-2019,0.8862862880579033,0.11371371194209667,36,0,0,36
792,2019,2020,2019-2020,0.8383211415737272,0.16167885842627283,34,1,0,35
792,2020,2021,2020-2021,0.8589957997837449,0.14100420021625515,33,0,1,34
792,2021,2022,2021-2022,0.8710628391303986,0.12893716086960139,31,0,1,32
792,2022,2023,2022-2023,0.7930588305514845,0.20694116944851548,44,2,0,46
792,2023,2024,2023-2024,0.8690468105721931,0.13095318942780687,41,0,5,46
795,2018,2019,2018-2019,0.694931634588146,0.305068365411854,10,2,1,13
795,2019,2020,2019-2020,0.15284278239010518,0.8471572176098948,8,2,3,13
795,2020,2021,2020-2021,0.6771536235635354,0.32284637643646463,7,3,3,13
795,2021,2022,2021-2022,0.6221781535098507,0.37782184649014927,5,3,5,13
795,2022,2023,2022-2023,0.6477317040330475,0.3522682959669525,6,7,2,15
795,2023,2024,2023-2024,0.6630746468029596,0.3369253531970404,10,5,3,18
796,2018,2020,2018-2020,1.1102230246251565e-16,0.9999999999999999,0,2,1,3
796,2020,2021,2020-2021,1.1102230246251565e-16,0.9999999999999999,0,1,2,3
796,2021,2022,2021-2022,0.9161309090968323,0.08386909090316774,1,1,0,2
796,2022,2023,2022-2023,0.13173279383435255,0.8682672061656475,2,3,0,5
796,2023,2024,2023-2024,0.269883989442559,0.730116010557441,3,1,2,6
798,2018,2021,2018-2021,0.2465257912990606,0.7534742087009394,1,2,0,3
798,2021,2022,2021-2022,0.5700295460462235,0.42997045395377653,1,1,2,4
798,2022,2023,2022-2023,0.5761407084395814,0.42385929156041857,1,4,1,6
798,2023,2024,2023-2024,0.24847783346326402,0.751522166536736,2,3,3,8
800,2018,2019,2018-2019,0.5837283600529231,0.41627163994707694,18,2,2,22
800,2019,2020,2019-2020,0.8486451172406366,0.15135488275936337,14,4,6,24
800,2020,2021,2020-2021,0.8005346644483324,0.19946533555166757,15,5,4,24
800,2021,2022,2021-2022,0.7699114888508176,0.23008851114918238,10,1,5,16
800,2022,2023,2022-2023,0.8273644379782397,0.17263556202176034,10,2,0,12
800,2023,2024,2023-2024,0.6242175384857854,0.37578246151421457,10,2,2,14
804,2018,2019,2018-2019,0.7755217709035547,0.22447822909644533,34,0,0,34
804,2019,2020,2019-2020,0.7524785239504442,0.24752147604955577,29,1,1,31
804,2020,2021,2020-2021,0.8495342314553619,0.1504657685446381,32,1,0,33
804,2021,2022,2021-2022,0.8418155292388743,0.15818447076112574,30,0,0,30
804,2022,2023,2022-2023,0.8706115921189793,0.12938840788102068,32,3,0,35
804,2023,2024,2023-2024,0.8515568115867234,0.14844318841327664,35,0,1,36
807,2018,2019,2018-2019,0.4485814108392078,0.5514185891607922,13,4,1,18
807,2019,2020,2019-2020,0.33288286866028194,0.6671171313397181,15,2,2,19
807,2020,2021,2020-2021,0.820205247718249,0.179794752281751,13,2,4,19
807,2021,2022,2021-2022,0.8181988629131205,0.1818011370868795,14,3,1,18
807,2022,2023,2022-2023,0.634406790721199,0.365593209278801,13,1,4,18
807,2023,2024,2023-2024,0.4841901857279435,0.5158098142720565,17,1,0,18
818,2018,2019,2018-2019,0.7593777857204793,0.24062221427952069,29,4,0,33
818,2019,2020,2019-2020,0.7283934020685344,0.2716065979314656,31,0,1,32
818,2020,2021,2020-2021,0.7704812952916604,0.22951870470833957,30,0,0,30
818,2021,2022,2021-2022,0.6967562153936635,0.3032437846063365,30,0,2,32
818,2022,2023,2022-2023,0.6848957524393493,0.3151042475606507,29,1,0,30
818,2023,2024,2023-2024,0.8353984820553388,0.16460151794466116,31,0,1,32
826,2018,2019,2018-2019,0.9111878895653956,0.08881211043460435,50,0,0,50
826,2019,2020,2019-2020,0.8625539049327382,0.1374460950672618,51,0,0,51
826,2020,2021,2020-2021,0.8904173355214052,0.10958266447859477,54,0,0,54
826,2021,2022,2021-2022,0.7305150944180714,0.2694849055819286,52,0,0,52
826,2022,2023,2022-2023,0.8775127059646969,0.12248729403530312,50,0,0,50
826,2023,2024,2023-2024,0.9159410207605372,0.08405897923946282,49,0,0,49
834,2018,2019,2018-2019,0.5580784779397827,0.4419215220602173,19,6,5,30
834,2019,2020,2019-2020,0.7076577696805171,0.2923422303194829,22,4,2,28
834,2020,2021,2020-2021,0.3928950846279442,0.6071049153720558,22,0,3,25
834,2021,2022,2021-2022,0.8572362028381384,0.1427637971618616,18,3,1,22
834,2022,2023,2022-2023,0.701250876747979,0.29874912325202096,24,8,1,33
834,2023,2024,2023-2024,0.3381053238621229,0.6618946761378771,21,0,12,33
842,2018,2019,2018-2019,0.9126485675333493,0.08735143246665067,56,0,0,56
842,2019,2020,2019-2020,0.8601141219360392,0.1398858780639608,56,0,0,56
842,2020,2021,2020-2021,0.9170337106453739,0.08296628935462613,57,0,0,57
842,2021,2022,2021-2022,0.9197376490056982,0.08026235099430179,54,0,1,55
842,2022,2023,2022-2023,0.9018673272042356,0.09813267279576443,53,1,0,54
842,2023,2024,2023-2024,0.9271098201026204,0.07289017989737956,51,0,0,51
854,2018,2019,2018-2019,0.9481833773474084,0.05181662265259157,4,3,1,8
854,2019,2020,2019-2020,0.8527953146275693,0.1472046853724307,5,0,2,7
854,2020,2021,2020-2021,0.9337974758114096,0.0662025241885904,4,2,2,8
854,2021,2022,2021-2022,0.4229433615574034,0.5770566384425966,3,2,3,8
854,2022,2023,2022-2023,0.6413301840956719,0.3586698159043281,5,3,0,8
854,2023,2024,2023-2024,0.9045369040067844,0.09546309599321556,7,1,2,10
858,2018,2019,2018-2019,0.8112899252498916,0.18871007475010837,21,2,0,23
858,2019,2020,2019-2020,0.8356465319927628,0.16435346800723716,18,1,5,24
858,2020,2021,2020-2021,0.799817921367552,0.20018207863244797,16,1,2,19
858,2021,2022,2021-2022,0.8565418593802336,0.14345814061976636,17,3,0,20
858,2022,2023,2022-2023,0.8711476514437988,0.1288523485562012,24,2,0,26
858,2023,2024,2023-2024,0.8110317854534299,0.1889682145465701,27,0,3,30
860,2018,2019,2018-2019,0.7816936397055838,0.2183063602944162,33,0,2,35
860,2019,2020,2019-2020,0.7005087269692395,0.2994912730307605,35,0,1,36
860,2020,2021,2020-2021,0.8401606751770546,0.15983932482294538,33,2,1,36
860,2021,2022,2021-2022,0.8563558686297429,0.1436441313702571,35,3,0,38
860,2022,2023,2022-2023,0.3565744743042858,0.6434255256957142,37,1,2,40
860,2023,2024,2023-2024,0.8570039853992644,0.14299601460073563,33,0,1,34
862,2018,2019,2018-2019,0.1361939416806066,0.8638060583193934,12,7,5,24
862,2019,2020,2019-2020,0.32252798076133904,0.677472019238661,15,0,3,18
862,2020,2021,2020-2021,0.1744368211115659,0.8255631788884341,14,3,1,18
862,2021,2022,2021-2022,0.2908646509555033,0.7091353490444967,12,2,5,19
862,2022,2023,2022-2023,0.11854082212307149,0.8814591778769285,12,6,2,20
862,2023,2024,2023-2024,0.1346147999013949,0.8653852000986051,14,1,4,19
876,2019,2022,2019-2022,0.0,1.0,0,1,1,2
882,2018,2019,2018-2019,0.7431854738711798,0.25681452612882016,9,2,5,16
882,2019,2020,2019-2020,0.7513310397158441,0.24866896028415586,11,1,0,12
882,2020,2021,2020-2021,0.7508289383570983,0.2491710616429017,10,2,2,14
882,2021,2022,2021-2022,0.856414321712871,0.14358567828712898,10,1,2,13
882,2022,2023,2022-2023,0.876122050659582,0.12387794934041796,11,2,1,14
882,2023,2024,2023-2024,0.7443187513646344,0.25568124863536557,12,4,2,18
887,2018,2019,2018-2019,0.27901645160038746,0.7209835483996125,9,5,2,16
887,2019,2020,2019-2020,0.23848769215636734,0.7615123078436327,11,1,2,14
887,2020,2021,2020-2021,0.8139600488624015,0.18603995113759852,10,6,0,16
887,2021,2022,2021-2022,0.508916178878946,0.491083821121054,12,3,4,19
887,2022,2023,2022-2023,0.45991290561206233,0.5400870943879377,14,2,3,19
887,2023,2024,2023-2024,0.5126020559778441,0.48739794402215586,15,6,1,22
894,2018,2019,2018-2019,0.7135728274350321,0.28642717256496786,15,5,3,23
894,2019,2020,2019-2020,0.5405993443752375,0.4594006556247625,16,4,5,25
894,2020,2021,2020-2021,0.17590599622946834,0.8240940037705317,13,5,5,23
894,2021,2022,2021-2022,0.1848106226392333,0.8151893773607667,16,7,2,25
894,2022,2023,2022-2023,0.5226134494011276,0.47738655059887236,16,1,8,25
894,2023,2024,2023-2024,0.5907339814257215,0.40926601857427847,13,4,3,20
899,2018,2019,2018-2019,0.25792329862876606,0.7420767013712339,7,10,2,19
899,2019,2020,2019-2020,0.6682570516590027,0.33174294834099727,15,3,3,21
899,2020,2021,2020-2021,0.2961756298875532,0.7038243701124468,17,5,1,23
899,2021,2022,2021-2022,0.4368658418883502,0.5631341581116498,16,2,4,22
899,2022,2023,2022-2023,0.5277309817881295,0.4722690182118705,14,4,2,20
899,2023,2024,2023-2024,0.7533165883184253,0.2466834116815747,16,2,1,19
