partnerCode,ctry_trajectory_cluster,ctry_avg_drift,ctry_max_drift,ctry_avg_js_similarity,ctry_min_js_similarity,ctry_avg_new_hs,ctry_avg_lost_hs,ctry_main_quadrant_type
336,4,2.5719527886896754,2.5719527886896754,1.1102230246251565e-16,1.1102230246251565e-16,4.0,1.0,B_high_drift_low_JS
72,2,2.4569760767594286,3.2490629632177104,0.12295340053899544,0.009655123386320463,3.6666666666666665,3.5,B_high_drift_low_JS
292,3,1.9635658577399997,3.4495104252731226,0.2701537422939903,0.03835522105672817,4.0,2.0,B_high_drift_low_JS
174,0,1.9482893308520242,2.1891959819397124,0.476637953632889,0.277258041950864,0.3333333333333333,0.6666666666666666,B_high_drift_low_JS
508,3,1.9275495831069005,3.8553955366516863,0.6169156009062994,0.4025323685297807,2.3333333333333335,1.6666666666666667,B_high_drift_low_JS
84,2,1.9179522676755976,4.1786129679544395,0.3614468365390578,0.00013784413036266319,3.6666666666666665,4.333333333333333,B_high_drift_low_JS
694,2,1.8367414585335011,2.670810709775572,0.3030958696330614,0.07732337747631524,4.833333333333333,4.166666666666667,B_high_drift_low_JS
132,2,1.7581647400898854,2.591606545386576,0.21124025557440995,0.0006779502636922174,2.8333333333333335,2.6666666666666665,B_high_drift_low_JS
226,3,1.7481113345321455,2.498148484593699,0.08632669470129484,0.00019527832775900755,2.6666666666666665,2.8333333333333335,B_high_drift_low_JS
136,2,1.7154763563251534,3.347606907008684,0.5019181718152347,0.03840790866943822,2.1666666666666665,2.0,B_high_drift_low_JS
534,0,1.6619195417104795,2.4909750661635344,0.4601705619457457,1.1102230246251565e-16,0.6666666666666666,0.6666666666666666,B_high_drift_low_JS
270,2,1.6522718690544433,2.900450253699542,0.3178623245853149,0.03175121533626157,2.8333333333333335,3.5,B_high_drift_low_JS
533,2,1.641116973158077,3.572099627547843,0.18428368863486858,0.009518630273353201,3.1666666666666665,2.6666666666666665,B_high_drift_low_JS
562,3,1.6369355922490314,2.2696392620777646,0.31843655789453174,0.012539304086901293,4.166666666666667,2.0,B_high_drift_low_JS
894,3,1.6309896387607286,2.365567203284396,0.4547060369176368,0.17590599622946834,4.333333333333333,4.333333333333333,B_high_drift_low_JS
660,2,1.6283610534597406,3.0437895241408444,0.1674331701811588,0.0,2.3333333333333335,2.6666666666666665,B_high_drift_low_JS
234,3,1.5623789760024902,2.9205256367167935,0.19596068133983754,1.1102230246251565e-16,2.1666666666666665,1.1666666666666667,B_high_drift_low_JS
531,3,1.5488611147202453,3.017458750476139,0.033254485189381566,0.0,3.3333333333333335,2.6666666666666665,B_high_drift_low_JS
262,2,1.5313670975532772,3.4642286266778983,0.196365429208624,0.0041642606512897196,5.0,6.0,B_high_drift_low_JS
92,3,1.5253431811923477,2.6284302188412667,0.11565919134326677,1.1102230246251565e-16,2.2,1.0,B_high_drift_low_JS
442,2,1.523685270633541,2.151906467656125,0.48677585453426137,0.18411881514199524,1.8333333333333333,1.6666666666666667,B_high_drift_low_JS
204,2,1.514743607056129,3.0724443878836007,0.581615678735939,0.40500013543845104,4.333333333333333,5.0,B_high_drift_low_JS
454,2,1.4964542289078666,3.732333305902791,0.5707028454370054,0.3908667569199875,3.3333333333333335,3.1666666666666665,B_high_drift_low_JS
208,2,1.4944975301238206,2.9686690169279992,0.6173174607509035,0.2583650412536429,1.0,0.16666666666666666,B_high_drift_low_JS
352,2,1.4802836649966242,3.4652119627158973,0.45107523405975974,0.022594797823509594,3.8333333333333335,3.6666666666666665,B_high_drift_low_JS
748,2,1.4767753249208437,2.659376630074422,0.3018600035488785,0.04384371414360089,6.166666666666667,4.666666666666667,B_high_drift_low_JS
275,2,1.4732203647294373,3.2609119931639046,0.37168212995309635,0.17253085474046204,2.6666666666666665,2.0,B_high_drift_low_JS
798,3,1.4720521589565099,2.330653219372749,0.4102934698120324,0.2465257912990606,2.5,1.5,B_high_drift_low_JS
634,3,1.4505324723124264,2.1341322771925717,0.7600284142283167,0.685063877986894,0.5,0.16666666666666666,B_high_drift_low_JS
776,3,1.4423069576050025,2.6019018727815912,0.35721297695540644,0.19021199123181665,1.8333333333333333,1.1666666666666667,B_high_drift_low_JS
626,3,1.4191022544628475,3.358920911341542,0.5631941821655421,0.2561537930813781,5.833333333333333,5.0,B_high_drift_low_JS
304,2,1.4119302777941083,2.859977455397403,0.30894862199798706,0.016008417804636355,4.833333333333333,3.0,B_high_drift_low_JS
48,2,1.396051717246632,3.3159040231364827,0.6828324376901128,0.2790367530399773,0.3333333333333333,0.16666666666666666,A_high_drift_high_JS
212,2,1.3630516129453045,3.3226355921245125,0.5125282121099407,0.008977077626089014,1.6666666666666667,2.8333333333333335,B_high_drift_low_JS
446,2,1.3274375667463814,3.3475750978421512,0.5899516116765836,0.20982494571483112,1.0,1.0,C_low_drift_high_JS
478,2,1.3179445905396907,1.8887468095973647,0.33135677450538187,0.08093208954842923,2.0,2.0,B_high_drift_low_JS
372,3,1.3172351305470464,3.359092523298242,0.5510474257578968,0.3363775870632162,0.5,0.5,B_high_drift_low_JS
388,2,1.295064250479301,2.523452333817134,0.43415725814607925,0.15807134920658894,3.1666666666666665,2.3333333333333335,B_high_drift_low_JS
328,2,1.2879342103753866,2.396129860015181,0.3321661759545442,0.0053905454600601255,4.0,3.1666666666666665,B_high_drift_low_JS
266,2,1.2342969733340274,2.8315554927170163,0.5067191681311515,0.21431210521739474,3.3333333333333335,3.5,B_high_drift_low_JS
796,3,1.228641438605867,2.9565223092297086,0.26354953847474877,1.1102230246251565e-16,1.6,1.0,B_high_drift_low_JS
384,3,1.2168208620208143,4.076895951525668,0.5650154479250281,0.4056977628363957,2.6666666666666665,3.0,B_high_drift_low_JS
232,3,1.2082295257211835,3.0871957374909473,0.48961829289780084,0.0,0.8333333333333334,1.0,B_high_drift_low_JS
624,2,1.1904327299089454,2.9559953705955055,0.22576054067862933,1.1102230246251565e-16,1.0,2.8,B_high_drift_low_JS
716,3,1.1897472220929577,2.511775199003847,0.37607875249904005,0.1263146284795268,4.666666666666667,3.3333333333333335,B_high_drift_low_JS
646,3,1.1698139635759486,2.3078767389531842,0.5630146342248971,0.3712203097876424,4.5,3.5,B_high_drift_low_JS
512,3,1.16375001136512,1.7911998852033548,0.7201795178736273,0.5276256300170397,1.8333333333333333,1.6666666666666667,A_high_drift_high_JS
44,3,1.1459319459825752,2.0856030653610587,0.12444912802757307,0.0053706523260298455,3.1666666666666665,1.8333333333333333,B_high_drift_low_JS
706,2,1.1436615457287735,2.5704559459521565,0.5047868704435788,0.00043882618084067904,1.8333333333333333,2.3333333333333335,B_high_drift_low_JS
20,3,1.1403157716857877,1.9705545488937253,0.3330659775296541,0.05833716387383603,3.3333333333333335,3.0,B_high_drift_low_JS
96,2,1.1373089581172682,2.8281431627521503,0.6951619408796114,0.399559778839909,1.0,1.0,A_high_drift_high_JS
834,2,1.1343192681602623,2.835587519838037,0.5925372892827474,0.3381053238621229,3.5,4.0,B_high_drift_low_JS
426,2,1.1317424219809922,1.935986762833272,0.2,0.0,0.8,1.2,B_high_drift_low_JS
368,3,1.1301226568131126,2.2478472893657755,0.7163535893861003,0.5123064977773315,2.0,1.1666666666666667,A_high_drift_high_JS
516,3,1.124900313947076,1.9284531992627154,0.3060663509038066,0.07793971566487279,4.166666666666667,2.8333333333333335,B_high_drift_low_JS
780,2,1.1216385698544171,3.6469338942819567,0.598205771407783,0.34207452874934063,2.6666666666666665,2.3333333333333335,B_high_drift_low_JS
191,2,1.1194950566922433,2.52616779319114,0.44806152011592354,0.2951619044304894,3.1666666666666665,3.1666666666666665,B_high_drift_low_JS
64,2,1.1169460604457433,2.8974473922563155,0.6902928526768036,0.10009202703886433,3.3333333333333335,1.6666666666666667,C_low_drift_high_JS
520,2,1.114890165185605,2.5091861218065765,0.423264545123722,0.006205325356609337,0.6666666666666666,0.5,B_high_drift_low_JS
548,1,1.1088030048710034,1.5800756742849527,0.43978578698860243,0.2015719345514444,6.833333333333333,3.6666666666666665,B_high_drift_low_JS
28,2,1.1040433352192927,2.055977864808904,0.0020177417223190774,0.0,1.2,1.2,B_high_drift_low_JS
24,3,1.0942452293679656,1.963741845427659,0.5527090407932987,0.12411044787009051,4.166666666666667,4.5,B_high_drift_low_JS
414,3,1.092807900389574,2.490893360133005,0.7825840608370869,0.6061607831933489,0.16666666666666666,0.3333333333333333,A_high_drift_high_JS
729,3,1.0451728969079601,2.9405302773236723,0.43366386372238924,0.19668945380690683,5.5,5.833333333333333,B_high_drift_low_JS
430,2,1.0438626430152207,1.8703778501646486,0.3733827247279599,0.2574911201554527,7.0,7.333333333333333,B_high_drift_low_JS
762,2,1.0389669193187114,1.7778293542768095,0.6589931073143995,0.5783502620737706,6.0,4.333333333333333,B_high_drift_low_JS
296,1,1.0351685473441943,1.5122770310179954,0.7155793793192595,0.6672812773889683,2.1666666666666665,1.8333333333333333,B_high_drift_low_JS
10,0,1.0200385232757678,1.5565368962928179,0.36330891739792853,0.01121668216913041,6.666666666666667,3.0,B_high_drift_low_JS
196,2,1.0193849010220326,2.180177025313812,0.5021438513803479,0.09773364459876133,4.166666666666667,1.8333333333333333,B_high_drift_low_JS
728,2,1.0038039794434932,2.4050925323877133,0.43038375214434477,0.0001448413558317041,1.1666666666666667,1.1666666666666667,B_high_drift_low_JS
178,2,0.9833668686294298,1.602204154356305,0.4657885786065134,0.12716937830913866,2.6666666666666665,3.6666666666666665,B_high_drift_low_JS
795,1,0.9826650317954092,1.3687297203689914,0.576318757481274,0.15284278239010518,3.6666666666666665,2.8333333333333335,B_high_drift_low_JS
308,2,0.9826493000472375,2.287313939929318,0.26560762838343416,0.0,1.4,1.6,B_high_drift_low_JS
652,3,0.9748596417082345,2.281368818431332,3.700743415417188e-17,0.0,1.6666666666666667,1.0,B_high_drift_low_JS
428,1,0.9716165182645581,1.4807292224604849,0.5286001799412565,0.3775187560213725,3.3333333333333335,1.8333333333333333,B_high_drift_low_JS
586,2,0.967175689833966,2.1843883327674365,0.6831032321336937,0.27268638299932735,0.8333333333333334,0.8333333333333334,A_high_drift_high_JS
52,2,0.9633862754986717,2.510925319290121,0.20654319725470538,0.00999025443920043,2.8333333333333335,2.0,B_high_drift_low_JS
31,3,0.9575599795111313,2.082185036415532,0.5691730347556033,0.288309142072534,3.3333333333333335,1.5,B_high_drift_low_JS
504,3,0.9563164213943427,1.712692476336261,0.6505514026799051,0.5277969743728397,1.5,1.3333333333333333,D_low_drift_low_JS
60,3,0.9205989398574389,1.9594346772953262,0.3578487440460944,0.13953990152760176,4.5,3.1666666666666665,B_high_drift_low_JS
887,3,0.9174212769946087,1.6914688213371034,0.46881588884800146,0.23848769215636734,3.8333333333333335,2.0,B_high_drift_low_JS
899,2,0.9161049005361103,1.9381809660087888,0.4900448986950378,0.25792329862876606,4.333333333333333,2.1666666666666665,B_high_drift_low_JS
144,2,0.9127276844971101,2.10908037833806,0.600850107619739,0.43151714326015267,1.5,2.3333333333333335,B_high_drift_low_JS
768,3,0.9094959096390717,1.9429160379974926,0.6527922556714963,0.17484623229827856,3.1666666666666665,3.3333333333333335,B_high_drift_low_JS
324,1,0.8969039687752586,1.59074609245969,0.4407676939265781,0.34800390694782546,4.166666666666667,4.166666666666667,B_high_drift_low_JS
4,2,0.8607808392836844,1.8401847244376943,0.7083781990017898,0.4924279011775654,1.8333333333333333,2.3333333333333335,C_low_drift_high_JS
574,0,0.8572375340684439,1.459214798813228,0.0,0.0,1.0,1.0,D_low_drift_low_JS
674,3,0.8518078734949589,2.243121336757191,0.7167590158015517,0.42559191576772926,1.3333333333333333,0.8333333333333334,C_low_drift_high_JS
686,1,0.849267901876885,1.2978669736525708,0.681877720756153,0.3256959209409509,2.5,2.8333333333333335,A_high_drift_high_JS
642,2,0.8442925157329072,2.084796896250695,0.5836162081789159,0.3102076472433176,1.6666666666666667,1.3333333333333333,B_high_drift_low_JS
659,0,0.8413217451161971,2.2180896465448137,0.45255557138428676,0.0,0.3333333333333333,1.0,B_high_drift_low_JS
584,1,0.840547266190014,1.5051587967510502,0.703848683374004,0.6172595079218379,3.1666666666666665,3.1666666666666665,B_high_drift_low_JS
662,2,0.8399889922667322,1.7450779498921876,0.22869750926509438,0.001652916809831595,1.6,1.0,B_high_drift_low_JS
140,1,0.8343196885031355,1.7487442640576822,0.6254702800673736,0.24260376943461115,3.3333333333333335,2.3333333333333335,A_high_drift_high_JS
258,3,0.8330008433090716,1.8028325875331235,0.7403490123401948,0.6163221775536776,3.5,2.8333333333333335,A_high_drift_high_JS
760,2,0.8149868920023816,1.6023564823217529,0.5992829639319849,0.33745695391118624,1.0,2.0,B_high_drift_low_JS
854,3,0.7968276514013689,3.076288992962533,0.7839311029077077,0.4229433615574034,1.8333333333333333,1.6666666666666667,C_low_drift_high_JS
540,1,0.7964947793081155,1.3411823050300054,0.49866859177423484,0.1833757290004464,4.0,3.0,B_high_drift_low_JS
12,3,0.7948901892093967,1.4372529679439423,0.7461017091623536,0.6795041385209412,2.0,2.1666666666666665,A_high_drift_high_JS
591,1,0.7855498873312291,1.5458894194886945,0.7189966286546808,0.6508767274204741,1.5,2.3333333333333335,B_high_drift_low_JS
579,1,0.7846650775841365,1.1278504210499902,0.7095311624898671,0.608820420335625,0.3333333333333333,0.5,B_high_drift_low_JS
690,2,0.7787793274039814,2.837265538267993,0.6695965783849477,0.42214187320517027,3.3333333333333335,3.6666666666666665,B_high_drift_low_JS
524,2,0.7783961995973634,1.804331970348848,0.6965534120082716,0.550637696535152,4.0,3.6666666666666665,B_high_drift_low_JS
90,1,0.777602676824165,1.6645923188885674,0.3739699491821859,0.14553704877069484,4.166666666666667,3.8333333333333335,D_low_drift_low_JS
120,1,0.7670383531020836,1.4533450868727003,0.5428267477788263,0.24881901834119546,3.3333333333333335,3.8333333333333335,B_high_drift_low_JS
600,1,0.7551485690788992,1.5867500563902142,0.6907517637014865,0.5284480331401926,1.5,1.1666666666666667,B_high_drift_low_JS
192,1,0.7223480366196743,1.0801705603391887,0.18450118981524707,0.0021475524355425435,2.1666666666666665,2.3333333333333335,B_high_drift_low_JS
620,3,0.7202380410304952,1.8710874226634744,0.7721370600107536,0.64832072268365,0.6666666666666666,0.16666666666666666,C_low_drift_high_JS
500,0,0.7140952872136899,0.7140952872136899,1.0,1.0,0.0,0.0,A_high_drift_high_JS
678,1,0.7123043288919485,1.2865597557502102,0.5557738960847499,0.0,1.0,1.0,B_high_drift_low_JS
862,1,0.7077194431308017,1.1381094380111132,0.1961965027555802,0.11854082212307149,3.1666666666666665,3.3333333333333335,B_high_drift_low_JS
807,2,0.6858627283234905,1.9344520743644398,0.5897442277633336,0.33288286866028194,2.1666666666666665,2.0,D_low_drift_low_JS
752,1,0.6726181695222375,1.0656993878137229,0.8048364043028764,0.7405233013569098,0.6666666666666666,0.16666666666666666,A_high_drift_high_JS
604,3,0.6578664790605591,2.5715670807853734,0.7535211251283735,0.5394322295162244,1.3333333333333333,0.8333333333333334,C_low_drift_high_JS
498,1,0.6469991011216146,1.4538832687339767,0.7444128103762337,0.5898318523928591,1.8333333333333333,1.1666666666666667,B_high_drift_low_JS
710,1,0.6469607897571019,1.5040490361866332,0.7399897239109944,0.6056478995559518,0.8333333333333334,0.8333333333333334,C_low_drift_high_JS
876,0,0.6387857552687443,0.6387857552687443,0.0,0.0,1.0,1.0,B_high_drift_low_JS
499,1,0.6310253157552937,1.3553857968226477,0.7038478020400759,0.5350769932630743,3.6666666666666665,2.6666666666666665,A_high_drift_high_JS
860,1,0.6267807981946371,1.6317949837624217,0.7320495616975284,0.3565744743042858,1.0,1.1666666666666667,C_low_drift_high_JS
32,1,0.6210638246096554,1.5087180930619817,0.7482686934725367,0.6445936682190889,1.1666666666666667,1.1666666666666667,A_high_drift_high_JS
418,1,0.6209016560351883,1.24803087421069,0.7404067252056826,0.6114100015665964,2.8333333333333335,3.1666666666666665,C_low_drift_high_JS
148,1,0.6150407014838553,0.894654107275743,0.57415369199165,0.0,1.3333333333333333,1.3333333333333333,C_low_drift_high_JS
400,1,0.6094183623267787,0.8579306525411243,0.7205441447871846,0.6388925219236296,3.8333333333333335,2.0,B_high_drift_low_JS
462,1,0.606246243155219,1.0291044656567823,0.7292617660203637,0.5349033507011252,2.3333333333333335,2.3333333333333335,B_high_drift_low_JS
450,1,0.6026915469786257,1.5436609334742448,0.541973139942932,0.42213073390024325,4.5,4.0,D_low_drift_low_JS
188,1,0.5821609302208143,1.7274630917245868,0.7515585442300972,0.6769073971068122,2.1666666666666665,1.3333333333333333,C_low_drift_high_JS
268,1,0.5734309969215788,0.6302628576945944,0.7179185859498681,0.6331247177325161,2.1666666666666665,0.8333333333333334,B_high_drift_low_JS
231,1,0.5731726184479249,1.126230707553261,0.4236039237801334,0.27201353799237915,5.0,5.333333333333333,D_low_drift_low_JS
218,1,0.5626875111921456,1.073899840889003,0.8240299665580798,0.7581166078965549,1.1666666666666667,0.6666666666666666,C_low_drift_high_JS
180,1,0.5506576532514734,1.4025207038016603,0.3097732072378131,0.06970288862700647,5.166666666666667,4.833333333333333,D_low_drift_low_JS
800,1,0.5463188932831425,0.9402952127468696,0.7424002678427891,0.5837283600529231,2.6666666666666665,3.1666666666666665,A_high_drift_high_JS
100,1,0.5342432511972094,1.1564308569185173,0.6702903547097292,0.35020396706187495,1.6666666666666667,1.1666666666666667,B_high_drift_low_JS
784,1,0.5332131806885737,1.3183486525092556,0.8014411019185177,0.6405113045639264,0.16666666666666666,0.16666666666666666,C_low_drift_high_JS
804,1,0.5286735408922032,0.9269489044623004,0.8235864098756562,0.7524785239504442,0.8333333333333334,0.3333333333333333,A_high_drift_high_JS
598,1,0.523740155022089,1.2584080477209028,0.5266882810583976,0.36286756539263454,5.5,5.166666666666667,D_low_drift_low_JS
470,1,0.5233351441907688,1.093789616112885,0.8261103568557923,0.7277710383270994,0.6666666666666666,1.0,C_low_drift_high_JS
184,1,0.5078357926041747,0.8108021799749016,0.4073553697860676,0.0,1.2,0.6,C_low_drift_high_JS
740,1,0.4873554434480674,1.4037465364804291,0.8313529470487615,0.5417874085798166,1.8333333333333333,1.1666666666666667,C_low_drift_high_JS
70,1,0.4865067115207407,1.2162283044523652,0.41425021880863816,0.3119748692656783,3.3333333333333335,2.0,D_low_drift_low_JS
108,1,0.48543913128185695,1.031680203523542,0.8441964405147075,0.7234809300442258,3.5,2.8333333333333335,A_high_drift_high_JS
364,1,0.48523838418935256,0.8607762019580129,0.5993345287018044,0.5171200368340314,3.8333333333333335,3.5,B_high_drift_low_JS
300,1,0.47325657066470744,0.7837363242968217,0.7397577824261594,0.6518497617931325,0.6666666666666666,0.3333333333333333,C_low_drift_high_JS
233,1,0.471585451670035,0.8828141855721087,0.8237491825904981,0.7342134028024503,0.6666666666666666,0.5,A_high_drift_high_JS
682,1,0.470162962433597,1.4552216726403062,0.7729632584293639,0.7171603173375107,0.0,0.0,C_low_drift_high_JS
616,1,0.46798724428405913,1.100706385013821,0.8010484277326045,0.7285965575028095,0.16666666666666666,0.0,C_low_drift_high_JS
788,1,0.46607689332725927,0.9109294725449746,0.8322485138643847,0.7624482832244374,1.1666666666666667,1.1666666666666667,C_low_drift_high_JS
348,1,0.45757409119006504,0.8255880184198737,0.8266002961345641,0.7546140899764143,0.6666666666666666,0.16666666666666666,C_low_drift_high_JS
238,0,0.4500280559583169,0.9097107725671038,0.2524428851785974,0.0,0.6666666666666666,1.3333333333333333,D_low_drift_low_JS
50,1,0.44402568545482773,1.1012469110762793,0.8102965458842467,0.7422555223394955,1.1666666666666667,1.1666666666666667,C_low_drift_high_JS
580,1,0.4332034217705873,1.084500693062958,0.829526188706161,0.7635008203665228,2.1666666666666665,0.6666666666666666,C_low_drift_high_JS
417,1,0.4284794826128748,0.5829120675377859,0.82608062516334,0.7659744626359735,3.5,2.1666666666666665,C_low_drift_high_JS
76,1,0.4279398733809876,0.961862117442276,0.7560744583443588,0.6089051276542896,0.5,0.3333333333333333,C_low_drift_high_JS
583,1,0.4253836938143221,0.9349731107600233,0.8373741595559028,0.8010153450951997,2.6666666666666665,3.8333333333333335,C_low_drift_high_JS
757,1,0.4237595953383297,0.8761206389016114,0.7965674052233954,0.6576351227655748,0.0,0.16666666666666666,C_low_drift_high_JS
480,1,0.42271600657587033,1.0607485648383501,0.7919852756041209,0.6399713208894713,1.1666666666666667,1.5,C_low_drift_high_JS
434,1,0.42202528120017435,0.5568874249007786,0.5321791018969922,0.3320951148594773,4.166666666666667,5.166666666666667,D_low_drift_low_JS
170,1,0.4205131633174793,1.3260056570318368,0.738435509493364,0.7092523202593606,1.0,0.6666666666666666,C_low_drift_high_JS
288,1,0.41878845139190873,0.9719895784281838,0.591150335226798,0.5300554602558554,3.5,2.6666666666666665,D_low_drift_low_JS
320,1,0.4120963400915664,0.8270996504230029,0.685195071640846,0.579415971795114,1.8333333333333333,1.3333333333333333,C_low_drift_high_JS
246,1,0.395061204710807,0.7728258436480769,0.7056928450861294,0.5459854430962431,1.1666666666666667,1.0,C_low_drift_high_JS
466,1,0.3945016925704466,1.0390118264664148,0.8022879743707865,0.5530225609350035,1.3333333333333333,1.8333333333333333,C_low_drift_high_JS
558,1,0.3815261712726162,0.8665595770247175,0.7885122756671378,0.6531322973489828,1.8333333333333333,2.3333333333333335,C_low_drift_high_JS
203,1,0.379855605127402,0.6431182840989772,0.8367068188526189,0.7692959113381517,0.3333333333333333,0.3333333333333333,C_low_drift_high_JS
332,1,0.37457070057783853,0.6257038201028927,0.6652985106728762,0.5068581241718506,2.1666666666666665,1.5,C_low_drift_high_JS
422,1,0.36714637361744157,0.5791562130014192,0.6416984551844154,0.5373989808732347,1.5,1.0,D_low_drift_low_JS
792,1,0.36364864580704176,0.8773481494906603,0.8527952849449086,0.7930588305514845,0.5,1.1666666666666667,C_low_drift_high_JS
56,1,0.3633867548163873,0.8247400737657201,0.7193006792080143,0.5772260081585554,0.8333333333333334,0.16666666666666666,D_low_drift_low_JS
376,1,0.3621107160188695,0.5877223780284667,0.8120363880572791,0.5940748701053382,0.3333333333333333,0.6666666666666666,C_low_drift_high_JS
440,1,0.3607686845714917,0.521082968476748,0.7548912663555504,0.633168403830431,1.0,0.6666666666666666,C_low_drift_high_JS
882,1,0.35069457239868057,0.9523746236444166,0.7870334292802017,0.7431854738711798,2.0,2.0,C_low_drift_high_JS
705,1,0.34647388309782684,0.39177952557906937,0.5761881099787409,0.2733441240709743,1.1666666666666667,0.5,C_low_drift_high_JS
858,1,0.34428006908718417,0.7266693753216936,0.8309126124812781,0.799817921367552,1.5,1.6666666666666667,C_low_drift_high_JS
688,1,0.3321082388030483,0.9366022309843376,0.8759055913787615,0.8072404071315752,1.0,0.5,C_low_drift_high_JS
104,1,0.33072866489197417,0.504400017806278,0.7973317209535327,0.6588157111673039,1.1666666666666667,2.0,C_low_drift_high_JS
702,1,0.3248914047606662,0.7407232553716487,0.893621430882748,0.8336764976769719,0.0,0.0,C_low_drift_high_JS
222,1,0.3206040764343742,0.6830120908907318,0.8262477889516883,0.7947972115269573,2.3333333333333335,2.0,C_low_drift_high_JS
51,1,0.31557098664053546,0.4899522732175249,0.7206396959042259,0.5997406498711885,1.0,1.8333333333333333,D_low_drift_low_JS
276,1,0.3085941876405463,0.419095040640647,0.8479472326315012,0.7882575229528087,0.16666666666666666,0.0,C_low_drift_high_JS
585,1,0.308034502330245,0.6729496588988454,0.729690742873626,0.6486374670357252,5.333333333333333,5.666666666666667,C_low_drift_high_JS
40,1,0.3028566420008772,0.47991237099551226,0.8033079080391081,0.7408692905829054,0.3333333333333333,0.16666666666666666,C_low_drift_high_JS
68,1,0.29715451719556557,0.47324551181471913,0.7185277415047621,0.599518982188928,2.6666666666666665,2.8333333333333335,C_low_drift_high_JS
818,1,0.2961665840254878,0.8847010362194032,0.7458838221615043,0.6848957524393493,0.8333333333333334,0.6666666666666666,C_low_drift_high_JS
239,1,0.28979934489112474,0.7684670501645096,0.47704491914723157,0.0,0.75,0.75,C_low_drift_high_JS
8,1,0.2847409910728638,0.49717391216697593,0.731693167905236,0.43933925089828707,1.5,2.0,C_low_drift_high_JS
16,1,0.2837315432750068,0.5676954728770786,0.829760885302476,0.7992022346087317,2.6666666666666665,2.0,C_low_drift_high_JS
404,1,0.28339636038505694,0.4631581804515546,0.6192087386973818,0.47321543053479787,2.0,2.5,D_low_drift_low_JS
316,1,0.28212849111744887,0.5462328783719285,0.7893228464188761,0.7379807570364957,0.3333333333333333,0.16666666666666666,C_low_drift_high_JS
772,0,0.2759548010822947,0.2759548010822947,0.0,0.0,1.0,1.0,D_low_drift_low_JS
112,1,0.27239708862355383,0.44562109113730297,0.6826519998776632,0.643030039257098,1.3333333333333333,1.1666666666666667,D_low_drift_low_JS
490,1,0.2656120787603103,0.5143257024984227,0.8692607532631595,0.810676683938962,0.0,0.0,C_low_drift_high_JS
152,1,0.2656025637186962,0.46615452027947807,0.7948851331973646,0.733907774003935,0.5,0.3333333333333333,C_low_drift_high_JS
566,1,0.26086182200011826,0.6459321422267058,0.7032223579456679,0.5797179372474109,1.6666666666666667,2.1666666666666665,D_low_drift_low_JS
214,1,0.2588013380383261,0.4448818419411663,0.722330572895142,0.5645014194646055,0.8333333333333334,0.6666666666666666,C_low_drift_high_JS
380,1,0.25384636376440434,0.46200701404270395,0.7929626685213428,0.7458609575382527,0.0,0.16666666666666666,C_low_drift_high_JS
398,1,0.24954051355462434,0.4879215406044033,0.8488904776966067,0.8233556972542869,0.16666666666666666,0.0,C_low_drift_high_JS
344,1,0.24916724796499837,0.8220194374306671,0.8676644512322481,0.8084998367715563,0.0,0.0,C_low_drift_high_JS
242,1,0.2472627740625577,0.3632226091383538,0.6368645837296313,0.5718894116099547,3.6666666666666665,4.333333333333333,D_low_drift_low_JS
528,1,0.23649504947674319,0.5283385579449733,0.7668132048589203,0.6537233630635265,0.0,0.0,C_low_drift_high_JS
360,1,0.23311669606070426,0.348871794472472,0.7979638434596504,0.7622635663626628,0.16666666666666666,0.16666666666666666,C_low_drift_high_JS
340,1,0.20957927900816928,0.3926576537880381,0.9469173505502644,0.9201954453179739,1.8333333333333333,1.3333333333333333,C_low_drift_high_JS
703,1,0.20678132564461107,0.5655248416311959,0.8728366782182565,0.7975686420535125,0.3333333333333333,0.16666666666666666,C_low_drift_high_JS
251,1,0.20576398023968281,0.5081685187636544,0.8701868777670696,0.8046290519405638,0.0,0.0,C_low_drift_high_JS
496,1,0.15803549829943933,0.38358848980801774,0.8702050950360624,0.8487608317198765,0.3333333333333333,0.16666666666666666,C_low_drift_high_JS
484,1,0.15270094685206162,0.4776266739344815,0.8990762957268923,0.8787455958284272,0.16666666666666666,0.0,C_low_drift_high_JS
724,1,0.14454761696448273,0.30565646365123467,0.8627217059469651,0.7977692252376907,0.16666666666666666,0.3333333333333333,C_low_drift_high_JS
458,1,0.13872639264741268,0.27933863887666555,0.8083375322917513,0.7205437465196814,0.0,0.0,C_low_drift_high_JS
699,1,0.1354976973568293,0.26370085150316913,0.8711904166171628,0.8615129568746476,0.16666666666666666,0.16666666666666666,C_low_drift_high_JS
392,1,0.1330773082464574,0.4421907037281275,0.9253543406203365,0.8832995141712372,0.0,0.0,C_low_drift_high_JS
608,1,0.1268907339477606,0.23443049291244827,0.8634451213832501,0.8006926862058572,0.0,0.16666666666666666,C_low_drift_high_JS
826,1,0.1267263894428655,0.20762994393109865,0.8646879918604741,0.7305150944180714,0.0,0.0,C_low_drift_high_JS
704,1,0.12634265965777594,0.1822404130129488,0.887296667752899,0.8487081783306033,0.0,0.0,C_low_drift_high_JS
124,1,0.11730902573257039,0.2738806423914247,0.8869963301044157,0.8509742780646539,0.0,0.0,C_low_drift_high_JS
764,1,0.1163809202187482,0.28066502339534066,0.867788440621278,0.7815736468537782,0.0,0.0,C_low_drift_high_JS
554,1,0.1115667900553453,0.18482674229486235,0.8938685414178976,0.8481437504168517,0.0,0.0,C_low_drift_high_JS
156,1,0.10835475540833477,0.14489372176988566,0.9171380330778224,0.8905155213118844,0.0,0.0,C_low_drift_high_JS
116,1,0.10596707546343054,0.14577519703938183,0.841938765974275,0.7882608886289282,1.0,0.5,C_low_drift_high_JS
643,1,0.1036267081505615,0.14732183321143366,0.8812873531622007,0.8566180667453173,0.0,0.0,C_low_drift_high_JS
36,1,0.09974885518413933,0.17552138873419978,0.9089649824800877,0.8897580215579427,0.0,0.0,C_low_drift_high_JS
842,1,0.08775134248322079,0.13317499897793156,0.9064185327378861,0.8601141219360392,0.16666666666666666,0.16666666666666666,C_low_drift_high_JS
0,1,0.075519748670042,0.1939537843370995,0.8452227502324209,0.7371484909054833,2.3333333333333335,2.3333333333333335,C_low_drift_high_JS
